LOCATION,"Country","INDICATOR","Indicator","MEASURE","Measure","INEQUALITY","Inequality","Unit Code","Unit","PowerCode Code","PowerCode","Reference Period Code","Reference Period","Value","Flag Codes","Flags"
AUS,"Australia","HO_BASE","Dwellings without basic facilities","L","Value","TOT","Total","PC","Percentage","0","units",,,1.1,"E","Estimated value"
AUT,"Austria","HO_BASE","Dwellings without basic facilities","L","Value","TOT","Total","PC","Percentage","0","units",,,1,,
BEL,"Belgium","HO_BASE","Dwellings without basic facilities","L","Value","TOT","Total","PC","Percentage","0","units",,,2.1,,
CAN,"Canada","HO_BASE","Dwellings without basic facilities","L","Value","TOT","Total","PC","Percentage","0","units",,,0.2,,
CZE,"Czech Republic","HO_BASE","Dwellings without basic facilities","L","Value","TOT","Total","PC","Percentage","0","units",,,0.7,,
DNK,"Denmark","HO_BASE","Dwellings without basic facilities","L","Value","TOT","Total","PC","Percentage","0","units",,,0.5,,
FIN,"Finland","HO_BASE","Dwellings without basic facilities","L","Value","TOT","Total","PC","Percentage","0","units",,,0.6,,
FRA,"France","HO_BASE","Dwellings without basic facilities","L","Value","TOT","Total","PC","Percentage","0","units",,,0.5,,
DEU,"Germany","HO_BASE","Dwellings without basic facilities","L","Value","TOT","Total","PC","Percentage","0","units",,,0,,
GRC,"Greece","HO_BASE","Dwellings without basic facilities","L","Value","TOT","Total","PC","Percentage","0","units",,,0.5,,
HUN,"Hungary","HO_BASE","Dwellings without basic facilities","L","Value","TOT","Total","PC","Percentage","0","units",,,5.3,,
ISL,"Iceland","HO_BASE","Dwellings without basic facilities","L","Value","TOT","Total","PC","Percentage","0","units",,,0,,
IRL,"Ireland","HO_BASE","Dwellings without basic facilities","L","Value","TOT","Total","PC","Percentage","0","units",,,0.1,,
ITA,"Italy","HO_BASE","Dwellings without basic facilities","L","Value","TOT","Total","PC","Percentage","0","units",,,0.8,,
JPN,"Japan","HO_BASE","Dwellings without basic facilities","L","Value","TOT","Total","PC","Percentage","0","units",,,6.4,,
KOR,"Korea","HO_BASE","Dwellings without basic facilities","L","Value","TOT","Total","PC","Percentage","0","units",,,4.2,,
LUX,"Luxembourg","HO_BASE","Dwellings without basic facilities","L","Value","TOT","Total","PC","Percentage","0","units",,,0.1,,
MEX,"Mexico","HO_BASE","Dwellings without basic facilities","L","Value","TOT","Total","PC","Percentage","0","units",,,4.2,,
NLD,"Netherlands","HO_BASE","Dwellings without basic facilities","L","Value","TOT","Total","PC","Percentage","0","units",,,0,,
NZL,"New Zealand","HO_BASE","Dwellings without basic facilities","L","Value","TOT","Total","PC","Percentage","0","units",,,0.3,"E","Estimated value"
NOR,"Norway","HO_BASE","Dwellings without basic facilities","L","Value","TOT","Total","PC","Percentage","0","units",,,0,,
POL,"Poland","HO_BASE","Dwellings without basic facilities","L","Value","TOT","Total","PC","Percentage","0","units",,,3.1,,
PRT,"Portugal","HO_BASE","Dwellings without basic facilities","L","Value","TOT","Total","PC","Percentage","0","units",,,1,,
SVK,"Slovak Republic","HO_BASE","Dwellings without basic facilities","L","Value","TOT","Total","PC","Percentage","0","units",,,1.3,,
ESP,"Spain","HO_BASE","Dwellings without basic facilities","L","Value","TOT","Total","PC","Percentage","0","units",,,0.1,,
SWE,"Sweden","HO_BASE","Dwellings without basic facilities","L","Value","TOT","Total","PC","Percentage","0","units",,,0,,
CHE,"Switzerland","HO_BASE","Dwellings without basic facilities","L","Value","TOT","Total","PC","Percentage","0","units",,,0,,
TUR,"Turkey","HO_BASE","Dwellings without basic facilities","L","Value","TOT","Total","PC","Percentage","0","units",,,7.6,,
GBR,"United Kingdom","HO_BASE","Dwellings without basic facilities","L","Value","TOT","Total","PC","Percentage","0","units",,,0.4,,
USA,"United States","HO_BASE","Dwellings without basic facilities","L","Value","TOT","Total","PC","Percentage","0","units",,,0.1,,
BRA,"Brazil","HO_BASE","Dwellings without basic facilities","L","Value","TOT","Total","PC","Percentage","0","units",,,6.7,,
CHL,"Chile","HO_BASE","Dwellings without basic facilities","L","Value","TOT","Total","PC","Percentage","0","units",,,9.4,,
EST,"Estonia","HO_BASE","Dwellings without basic facilities","L","Value","TOT","Total","PC","Percentage","0","units",,,7.2,,
ISR,"Israel","HO_BASE","Dwellings without basic facilities","L","Value","TOT","Total","PC","Percentage","0","units",,,4.4,"E","Estimated value"
RUS,"Russia","HO_BASE","Dwellings without basic facilities","L","Value","TOT","Total","PC","Percentage","0","units",,,14.4,,
SVN,"Slovenia","HO_BASE","Dwellings without basic facilities","L","Value","TOT","Total","PC","Percentage","0","units",,,0.6,,
OECD,"OECD - Total","HO_BASE","Dwellings without basic facilities","L","Value","TOT","Total","PC","Percentage","0","units",,,2.1,,
AUS,"Australia","HO_HISH","Housing expenditure","L","Value","TOT","Total","PC","Percentage","0","units",,,20,,
AUT,"Austria","HO_HISH","Housing expenditure","L","Value","TOT","Total","PC","Percentage","0","units",,,21,,
BEL,"Belgium","HO_HISH","Housing expenditure","L","Value","TOT","Total","PC","Percentage","0","units",,,21,,
CAN,"Canada","HO_HISH","Housing expenditure","L","Value","TOT","Total","PC","Percentage","0","units",,,21,,
CZE,"Czech Republic","HO_HISH","Housing expenditure","L","Value","TOT","Total","PC","Percentage","0","units",,,26,,
DNK,"Denmark","HO_HISH","Housing expenditure","L","Value","TOT","Total","PC","Percentage","0","units",,,25,,
FIN,"Finland","HO_HISH","Housing expenditure","L","Value","TOT","Total","PC","Percentage","0","units",,,22,,
FRA,"France","HO_HISH","Housing expenditure","L","Value","TOT","Total","PC","Percentage","0","units",,,21,,
DEU,"Germany","HO_HISH","Housing expenditure","L","Value","TOT","Total","PC","Percentage","0","units",,,22,,
GRC,"Greece","HO_HISH","Housing expenditure","L","Value","TOT","Total","PC","Percentage","0","units",,,26,,
HUN,"Hungary","HO_HISH","Housing expenditure","L","Value","TOT","Total","PC","Percentage","0","units",,,20,,
ISL,"Iceland","HO_HISH","Housing expenditure","L","Value","TOT","Total","PC","Percentage","0","units",,,24,,
IRL,"Ireland","HO_HISH","Housing expenditure","L","Value","TOT","Total","PC","Percentage","0","units",,,20,,
ITA,"Italy","HO_HISH","Housing expenditure","L","Value","TOT","Total","PC","Percentage","0","units",,,24,,
JPN,"Japan","HO_HISH","Housing expenditure","L","Value","TOT","Total","PC","Percentage","0","units",,,22,,
KOR,"Korea","HO_HISH","Housing expenditure","L","Value","TOT","Total","PC","Percentage","0","units",,,16,,
LUX,"Luxembourg","HO_HISH","Housing expenditure","L","Value","TOT","Total","PC","Percentage","0","units",,,21,"E","Estimated value"
MEX,"Mexico","HO_HISH","Housing expenditure","L","Value","TOT","Total","PC","Percentage","0","units",,,22,,
NLD,"Netherlands","HO_HISH","Housing expenditure","L","Value","TOT","Total","PC","Percentage","0","units",,,19,,
NZL,"New Zealand","HO_HISH","Housing expenditure","L","Value","TOT","Total","PC","Percentage","0","units",,,23,,
NOR,"Norway","HO_HISH","Housing expenditure","L","Value","TOT","Total","PC","Percentage","0","units",,,18,,
POL,"Poland","HO_HISH","Housing expenditure","L","Value","TOT","Total","PC","Percentage","0","units",,,22,,
PRT,"Portugal","HO_HISH","Housing expenditure","L","Value","TOT","Total","PC","Percentage","0","units",,,19,,
SVK,"Slovak Republic","HO_HISH","Housing expenditure","L","Value","TOT","Total","PC","Percentage","0","units",,,25,,
ESP,"Spain","HO_HISH","Housing expenditure","L","Value","TOT","Total","PC","Percentage","0","units",,,23,,
SWE,"Sweden","HO_HISH","Housing expenditure","L","Value","TOT","Total","PC","Percentage","0","units",,,20,,
CHE,"Switzerland","HO_HISH","Housing expenditure","L","Value","TOT","Total","PC","Percentage","0","units",,,22,,
TUR,"Turkey","HO_HISH","Housing expenditure","L","Value","TOT","Total","PC","Percentage","0","units",,,21,"E","Estimated value"
GBR,"United Kingdom","HO_HISH","Housing expenditure","L","Value","TOT","Total","PC","Percentage","0","units",,,23,,
USA,"United States","HO_HISH","Housing expenditure","L","Value","TOT","Total","PC","Percentage","0","units",,,19,,
BRA,"Brazil","HO_HISH","Housing expenditure","L","Value","TOT","Total","PC","Percentage","0","units",,,21,"E","Estimated value"
CHL,"Chile","HO_HISH","Housing expenditure","L","Value","TOT","Total","PC","Percentage","0","units",,,18,,
EST,"Estonia","HO_HISH","Housing expenditure","L","Value","TOT","Total","PC","Percentage","0","units",,,19,,
ISR,"Israel","HO_HISH","Housing expenditure","L","Value","TOT","Total","PC","Percentage","0","units",,,21,"E","Estimated value"
RUS,"Russia","HO_HISH","Housing expenditure","L","Value","TOT","Total","PC","Percentage","0","units",,,11,,
SVN,"Slovenia","HO_HISH","Housing expenditure","L","Value","TOT","Total","PC","Percentage","0","units",,,19,,
OECD,"OECD - Total","HO_HISH","Housing expenditure","L","Value","TOT","Total","PC","Percentage","0","units",,,21,,
AUS,"Australia","HO_NUMR","Rooms per person","L","Value","TOT","Total","RATIO","Ratio","0","units",,,2.3,"E","Estimated value"
AUT,"Austria","HO_NUMR","Rooms per person","L","Value","TOT","Total","RATIO","Ratio","0","units",,,1.6,,
BEL,"Belgium","HO_NUMR","Rooms per person","L","Value","TOT","Total","RATIO","Ratio","0","units",,,2.2,,
CAN,"Canada","HO_NUMR","Rooms per person","L","Value","TOT","Total","RATIO","Ratio","0","units",,,2.5,,
CZE,"Czech Republic","HO_NUMR","Rooms per person","L","Value","TOT","Total","RATIO","Ratio","0","units",,,1.4,,
DNK,"Denmark","HO_NUMR","Rooms per person","L","Value","TOT","Total","RATIO","Ratio","0","units",,,1.9,,
FIN,"Finland","HO_NUMR","Rooms per person","L","Value","TOT","Total","RATIO","Ratio","0","units",,,1.9,,
FRA,"France","HO_NUMR","Rooms per person","L","Value","TOT","Total","RATIO","Ratio","0","units",,,1.8,,
DEU,"Germany","HO_NUMR","Rooms per person","L","Value","TOT","Total","RATIO","Ratio","0","units",,,1.8,,
GRC,"Greece","HO_NUMR","Rooms per person","L","Value","TOT","Total","RATIO","Ratio","0","units",,,1.2,,
HUN,"Hungary","HO_NUMR","Rooms per person","L","Value","TOT","Total","RATIO","Ratio","0","units",,,1.1,,
ISL,"Iceland","HO_NUMR","Rooms per person","L","Value","TOT","Total","RATIO","Ratio","0","units",,,1.6,,
IRL,"Ireland","HO_NUMR","Rooms per person","L","Value","TOT","Total","RATIO","Ratio","0","units",,,2,,
ITA,"Italy","HO_NUMR","Rooms per person","L","Value","TOT","Total","RATIO","Ratio","0","units",,,1.4,,
JPN,"Japan","HO_NUMR","Rooms per person","L","Value","TOT","Total","RATIO","Ratio","0","units",,,1.9,,
KOR,"Korea","HO_NUMR","Rooms per person","L","Value","TOT","Total","RATIO","Ratio","0","units",,,1.4,,
LUX,"Luxembourg","HO_NUMR","Rooms per person","L","Value","TOT","Total","RATIO","Ratio","0","units",,,2,,
MEX,"Mexico","HO_NUMR","Rooms per person","L","Value","TOT","Total","RATIO","Ratio","0","units",,,1,,
NLD,"Netherlands","HO_NUMR","Rooms per person","L","Value","TOT","Total","RATIO","Ratio","0","units",,,1.9,,
NZL,"New Zealand","HO_NUMR","Rooms per person","L","Value","TOT","Total","RATIO","Ratio","0","units",,,2.4,,
NOR,"Norway","HO_NUMR","Rooms per person","L","Value","TOT","Total","RATIO","Ratio","0","units",,,2,,
POL,"Poland","HO_NUMR","Rooms per person","L","Value","TOT","Total","RATIO","Ratio","0","units",,,1.1,,
PRT,"Portugal","HO_NUMR","Rooms per person","L","Value","TOT","Total","RATIO","Ratio","0","units",,,1.7,,
SVK,"Slovak Republic","HO_NUMR","Rooms per person","L","Value","TOT","Total","RATIO","Ratio","0","units",,,1.1,,
ESP,"Spain","HO_NUMR","Rooms per person","L","Value","TOT","Total","RATIO","Ratio","0","units",,,1.9,,
SWE,"Sweden","HO_NUMR","Rooms per person","L","Value","TOT","Total","RATIO","Ratio","0","units",,,1.8,,
CHE,"Switzerland","HO_NUMR","Rooms per person","L","Value","TOT","Total","RATIO","Ratio","0","units",,,1.8,,
TUR,"Turkey","HO_NUMR","Rooms per person","L","Value","TOT","Total","RATIO","Ratio","0","units",,,1.1,,
GBR,"United Kingdom","HO_NUMR","Rooms per person","L","Value","TOT","Total","RATIO","Ratio","0","units",,,1.9,,
USA,"United States","HO_NUMR","Rooms per person","L","Value","TOT","Total","RATIO","Ratio","0","units",,,2.4,"E","Estimated value"
BRA,"Brazil","HO_NUMR","Rooms per person","L","Value","TOT","Total","RATIO","Ratio","0","units",,,0.9,"E","Estimated value"
CHL,"Chile","HO_NUMR","Rooms per person","L","Value","TOT","Total","RATIO","Ratio","0","units",,,1.2,,
EST,"Estonia","HO_NUMR","Rooms per person","L","Value","TOT","Total","RATIO","Ratio","0","units",,,1.6,,
ISR,"Israel","HO_NUMR","Rooms per person","L","Value","TOT","Total","RATIO","Ratio","0","units",,,1.2,,
RUS,"Russia","HO_NUMR","Rooms per person","L","Value","TOT","Total","RATIO","Ratio","0","units",,,0.9,,
SVN,"Slovenia","HO_NUMR","Rooms per person","L","Value","TOT","Total","RATIO","Ratio","0","units",,,1.5,,
OECD,"OECD - Total","HO_NUMR","Rooms per person","L","Value","TOT","Total","RATIO","Ratio","0","units",,,1.8,,
AUS,"Australia","IW_HADI","Household net adjusted disposable income","L","Value","TOT","Total","USD","US Dollar","0","units",,,33138,,
AUT,"Austria","IW_HADI","Household net adjusted disposable income","L","Value","TOT","Total","USD","US Dollar","0","units",,,31667,,
BEL,"Belgium","IW_HADI","Household net adjusted disposable income","L","Value","TOT","Total","USD","US Dollar","0","units",,,28700,,
CAN,"Canada","IW_HADI","Household net adjusted disposable income","L","Value","TOT","Total","USD","US Dollar","0","units",,,30474,,
CZE,"Czech Republic","IW_HADI","Household net adjusted disposable income","L","Value","TOT","Total","USD","US Dollar","0","units",,,18953,,
DNK,"Denmark","IW_HADI","Household net adjusted disposable income","L","Value","TOT","Total","USD","US Dollar","0","units",,,26945,,
FIN,"Finland","IW_HADI","Household net adjusted disposable income","L","Value","TOT","Total","USD","US Dollar","0","units",,,28238,,
FRA,"France","IW_HADI","Household net adjusted disposable income","L","Value","TOT","Total","USD","US Dollar","0","units",,,29759,,
DEU,"Germany","IW_HADI","Household net adjusted disposable income","L","Value","TOT","Total","USD","US Dollar","0","units",,,31925,,
GRC,"Greece","IW_HADI","Household net adjusted disposable income","L","Value","TOT","Total","USD","US Dollar","0","units",,,18099,,
HUN,"Hungary","IW_HADI","Household net adjusted disposable income","L","Value","TOT","Total","USD","US Dollar","0","units",,,15614,,
ISL,"Iceland","IW_HADI","Household net adjusted disposable income","L","Value","TOT","Total","USD","US Dollar","0","units",,,27918,"E","Estimated value"
IRL,"Ireland","IW_HADI","Household net adjusted disposable income","L","Value","TOT","Total","USD","US Dollar","0","units",,,22969,,
ITA,"Italy","IW_HADI","Household net adjusted disposable income","L","Value","TOT","Total","USD","US Dollar","0","units",,,25004,,
JPN,"Japan","IW_HADI","Household net adjusted disposable income","L","Value","TOT","Total","USD","US Dollar","0","units",,,27323,,
KOR,"Korea","IW_HADI","Household net adjusted disposable income","L","Value","TOT","Total","USD","US Dollar","0","units",,,19372,,
LUX,"Luxembourg","IW_HADI","Household net adjusted disposable income","L","Value","TOT","Total","USD","US Dollar","0","units",,,40914,"E","Estimated value"
MEX,"Mexico","IW_HADI","Household net adjusted disposable income","L","Value","TOT","Total","USD","US Dollar","0","units",,,12806,,
NLD,"Netherlands","IW_HADI","Household net adjusted disposable income","L","Value","TOT","Total","USD","US Dollar","0","units",,,27759,,
NZL,"New Zealand","IW_HADI","Household net adjusted disposable income","L","Value","TOT","Total","USD","US Dollar","0","units",,,23213,"E","Estimated value"
NOR,"Norway","IW_HADI","Household net adjusted disposable income","L","Value","TOT","Total","USD","US Dollar","0","units",,,33393,,
POL,"Poland","IW_HADI","Household net adjusted disposable income","L","Value","TOT","Total","USD","US Dollar","0","units",,,17820,,
PRT,"Portugal","IW_HADI","Household net adjusted disposable income","L","Value","TOT","Total","USD","US Dollar","0","units",,,19882,,
SVK,"Slovak Republic","IW_HADI","Household net adjusted disposable income","L","Value","TOT","Total","USD","US Dollar","0","units",,,18534,,
ESP,"Spain","IW_HADI","Household net adjusted disposable income","L","Value","TOT","Total","USD","US Dollar","0","units",,,22007,,
SWE,"Sweden","IW_HADI","Household net adjusted disposable income","L","Value","TOT","Total","USD","US Dollar","0","units",,,28859,,
CHE,"Switzerland","IW_HADI","Household net adjusted disposable income","L","Value","TOT","Total","USD","US Dollar","0","units",,,35952,,
TUR,"Turkey","IW_HADI","Household net adjusted disposable income","L","Value","TOT","Total","USD","US Dollar","0","units",,,13471,"E","Estimated value"
GBR,"United Kingdom","IW_HADI","Household net adjusted disposable income","L","Value","TOT","Total","USD","US Dollar","0","units",,,26687,,
USA,"United States","IW_HADI","Household net adjusted disposable income","L","Value","TOT","Total","USD","US Dollar","0","units",,,41071,,
BRA,"Brazil","IW_HADI","Household net adjusted disposable income","L","Value","TOT","Total","USD","US Dollar","0","units",,,11487,"E","Estimated value"
CHL,"Chile","IW_HADI","Household net adjusted disposable income","L","Value","TOT","Total","USD","US Dollar","0","units",,,15094,"E","Estimated value"
EST,"Estonia","IW_HADI","Household net adjusted disposable income","L","Value","TOT","Total","USD","US Dollar","0","units",,,16565,,
ISR,"Israel","IW_HADI","Household net adjusted disposable income","L","Value","TOT","Total","USD","US Dollar","0","units",,,22116,"E","Estimated value"
RUS,"Russia","IW_HADI","Household net adjusted disposable income","L","Value","TOT","Total","USD","US Dollar","0","units",,,17006,,
SVN,"Slovenia","IW_HADI","Household net adjusted disposable income","L","Value","TOT","Total","USD","US Dollar","0","units",,,19130,,
OECD,"OECD - Total","IW_HADI","Household net adjusted disposable income","L","Value","TOT","Total","USD","US Dollar","0","units",,,29016,,
AUS,"Australia","IW_HNFW","Household net financial wealth","L","Value","TOT","Total","USD","US Dollar","0","units",,,48836,,
AUT,"Austria","IW_HNFW","Household net financial wealth","L","Value","TOT","Total","USD","US Dollar","0","units",,,55623,,
BEL,"Belgium","IW_HNFW","Household net financial wealth","L","Value","TOT","Total","USD","US Dollar","0","units",,,89057,,
CAN,"Canada","IW_HNFW","Household net financial wealth","L","Value","TOT","Total","USD","US Dollar","0","units",,,75775,,
CZE,"Czech Republic","IW_HNFW","Household net financial wealth","L","Value","TOT","Total","USD","US Dollar","0","units",,,20170,,
DNK,"Denmark","IW_HNFW","Household net financial wealth","L","Value","TOT","Total","USD","US Dollar","0","units",,,54839,,
FIN,"Finland","IW_HNFW","Household net financial wealth","L","Value","TOT","Total","USD","US Dollar","0","units",,,24482,,
FRA,"France","IW_HNFW","Household net financial wealth","L","Value","TOT","Total","USD","US Dollar","0","units",,,53851,,
DEU,"Germany","IW_HNFW","Household net financial wealth","L","Value","TOT","Total","USD","US Dollar","0","units",,,49822,,
GRC,"Greece","IW_HNFW","Household net financial wealth","L","Value","TOT","Total","USD","US Dollar","0","units",,,17568,,
HUN,"Hungary","IW_HNFW","Household net financial wealth","L","Value","TOT","Total","USD","US Dollar","0","units",,,17774,,
ISL,"Iceland","IW_HNFW","Household net financial wealth","L","Value","TOT","Total","USD","US Dollar","0","units",,,54275,"E","Estimated value"
IRL,"Ireland","IW_HNFW","Household net financial wealth","L","Value","TOT","Total","USD","US Dollar","0","units",,,31861,,
ITA,"Italy","IW_HNFW","Household net financial wealth","L","Value","TOT","Total","USD","US Dollar","0","units",,,56833,,
JPN,"Japan","IW_HNFW","Household net financial wealth","L","Value","TOT","Total","USD","US Dollar","0","units",,,92818,,
KOR,"Korea","IW_HNFW","Household net financial wealth","L","Value","TOT","Total","USD","US Dollar","0","units",,,30852,"E","Estimated value"
LUX,"Luxembourg","IW_HNFW","Household net financial wealth","L","Value","TOT","Total","USD","US Dollar","0","units",,,64500,,
MEX,"Mexico","IW_HNFW","Household net financial wealth","L","Value","TOT","Total","USD","US Dollar","0","units",,,9856,"E","Estimated value"
NLD,"Netherlands","IW_HNFW","Household net financial wealth","L","Value","TOT","Total","USD","US Dollar","0","units",,,71251,,
NZL,"New Zealand","IW_HNFW","Household net financial wealth","L","Value","TOT","Total","USD","US Dollar","0","units",,,81271,"E","Estimated value"
NOR,"Norway","IW_HNFW","Household net financial wealth","L","Value","TOT","Total","USD","US Dollar","0","units",,,16930,,
POL,"Poland","IW_HNFW","Household net financial wealth","L","Value","TOT","Total","USD","US Dollar","0","units",,,12902,,
PRT,"Portugal","IW_HNFW","Household net financial wealth","L","Value","TOT","Total","USD","US Dollar","0","units",,,29563,,
SVK,"Slovak Republic","IW_HNFW","Household net financial wealth","L","Value","TOT","Total","USD","US Dollar","0","units",,,8896,,
ESP,"Spain","IW_HNFW","Household net financial wealth","L","Value","TOT","Total","USD","US Dollar","0","units",,,29819,,
SWE,"Sweden","IW_HNFW","Household net financial wealth","L","Value","TOT","Total","USD","US Dollar","0","units",,,69899,,
CHE,"Switzerland","IW_HNFW","Household net financial wealth","L","Value","TOT","Total","USD","US Dollar","0","units",,,120265,,
TUR,"Turkey","IW_HNFW","Household net financial wealth","L","Value","TOT","Total","USD","US Dollar","0","units",,,3886,,
GBR,"United Kingdom","IW_HNFW","Household net financial wealth","L","Value","TOT","Total","USD","US Dollar","0","units",,,69927,,
USA,"United States","IW_HNFW","Household net financial wealth","L","Value","TOT","Total","USD","US Dollar","0","units",,,163268,,
BRA,"Brazil","IW_HNFW","Household net financial wealth","L","Value","TOT","Total","USD","US Dollar","0","units",,,7566,"E","Estimated value"
CHL,"Chile","IW_HNFW","Household net financial wealth","L","Value","TOT","Total","USD","US Dollar","0","units",,,18172,,
EST,"Estonia","IW_HNFW","Household net financial wealth","L","Value","TOT","Total","USD","US Dollar","0","units",,,15728,,
ISR,"Israel","IW_HNFW","Household net financial wealth","L","Value","TOT","Total","USD","US Dollar","0","units",,,50051,,
RUS,"Russia","IW_HNFW","Household net financial wealth","L","Value","TOT","Total","USD","US Dollar","0","units",,,3687,"E","Estimated value"
SVN,"Slovenia","IW_HNFW","Household net financial wealth","L","Value","TOT","Total","USD","US Dollar","0","units",,,17271,,
OECD,"OECD - Total","IW_HNFW","Household net financial wealth","L","Value","TOT","Total","USD","US Dollar","0","units",,,84547,,
AUS,"Australia","JE_EMPL","Employment rate","L","Value","TOT","Total","PC","Percentage","0","units",,,72,,
AUT,"Austria","JE_EMPL","Employment rate","L","Value","TOT","Total","PC","Percentage","0","units",,,71,,
BEL,"Belgium","JE_EMPL","Employment rate","L","Value","TOT","Total","PC","Percentage","0","units",,,62,,
CAN,"Canada","JE_EMPL","Employment rate","L","Value","TOT","Total","PC","Percentage","0","units",,,72,,
CZE,"Czech Republic","JE_EMPL","Employment rate","L","Value","TOT","Total","PC","Percentage","0","units",,,69,,
DNK,"Denmark","JE_EMPL","Employment rate","L","Value","TOT","Total","PC","Percentage","0","units",,,73,,
FIN,"Finland","JE_EMPL","Employment rate","L","Value","TOT","Total","PC","Percentage","0","units",,,69,,
FRA,"France","JE_EMPL","Employment rate","L","Value","TOT","Total","PC","Percentage","0","units",,,64,,
DEU,"Germany","JE_EMPL","Employment rate","L","Value","TOT","Total","PC","Percentage","0","units",,,74,,
GRC,"Greece","JE_EMPL","Employment rate","L","Value","TOT","Total","PC","Percentage","0","units",,,49,,
HUN,"Hungary","JE_EMPL","Employment rate","L","Value","TOT","Total","PC","Percentage","0","units",,,62,,
ISL,"Iceland","JE_EMPL","Employment rate","L","Value","TOT","Total","PC","Percentage","0","units",,,82,,
IRL,"Ireland","JE_EMPL","Employment rate","L","Value","TOT","Total","PC","Percentage","0","units",,,61,,
ITA,"Italy","JE_EMPL","Employment rate","L","Value","TOT","Total","PC","Percentage","0","units",,,57,,
JPN,"Japan","JE_EMPL","Employment rate","L","Value","TOT","Total","PC","Percentage","0","units",,,73,,
KOR,"Korea","JE_EMPL","Employment rate","L","Value","TOT","Total","PC","Percentage","0","units",,,65,,
LUX,"Luxembourg","JE_EMPL","Employment rate","L","Value","TOT","Total","PC","Percentage","0","units",,,67,,
MEX,"Mexico","JE_EMPL","Employment rate","L","Value","TOT","Total","PC","Percentage","0","units",,,60,,
NLD,"Netherlands","JE_EMPL","Employment rate","L","Value","TOT","Total","PC","Percentage","0","units",,,73,,
NZL,"New Zealand","JE_EMPL","Employment rate","L","Value","TOT","Total","PC","Percentage","0","units",,,74,,
NOR,"Norway","JE_EMPL","Employment rate","L","Value","TOT","Total","PC","Percentage","0","units",,,75,,
POL,"Poland","JE_EMPL","Employment rate","L","Value","TOT","Total","PC","Percentage","0","units",,,62,,
PRT,"Portugal","JE_EMPL","Employment rate","L","Value","TOT","Total","PC","Percentage","0","units",,,63,,
SVK,"Slovak Republic","JE_EMPL","Employment rate","L","Value","TOT","Total","PC","Percentage","0","units",,,61,,
ESP,"Spain","JE_EMPL","Employment rate","L","Value","TOT","Total","PC","Percentage","0","units",,,57,,
SWE,"Sweden","JE_EMPL","Employment rate","L","Value","TOT","Total","PC","Percentage","0","units",,,75,,
CHE,"Switzerland","JE_EMPL","Employment rate","L","Value","TOT","Total","PC","Percentage","0","units",,,80,,
TUR,"Turkey","JE_EMPL","Employment rate","L","Value","TOT","Total","PC","Percentage","0","units",,,50,,
GBR,"United Kingdom","JE_EMPL","Employment rate","L","Value","TOT","Total","PC","Percentage","0","units",,,73,,
USA,"United States","JE_EMPL","Employment rate","L","Value","TOT","Total","PC","Percentage","0","units",,,68,,
BRA,"Brazil","JE_EMPL","Employment rate","L","Value","TOT","Total","PC","Percentage","0","units",,,67,,
CHL,"Chile","JE_EMPL","Employment rate","L","Value","TOT","Total","PC","Percentage","0","units",,,62,,
EST,"Estonia","JE_EMPL","Employment rate","L","Value","TOT","Total","PC","Percentage","0","units",,,70,,
ISR,"Israel","JE_EMPL","Employment rate","L","Value","TOT","Total","PC","Percentage","0","units",,,68,,
RUS,"Russia","JE_EMPL","Employment rate","L","Value","TOT","Total","PC","Percentage","0","units",,,69,,
SVN,"Slovenia","JE_EMPL","Employment rate","L","Value","TOT","Total","PC","Percentage","0","units",,,64,,
OECD,"OECD - Total","JE_EMPL","Employment rate","L","Value","TOT","Total","PC","Percentage","0","units",,,66,,
AUS,"Australia","JE_LTUR","Long-term unemployment rate","L","Value","TOT","Total","PC","Percentage","0","units",,,1.32,,
AUT,"Austria","JE_LTUR","Long-term unemployment rate","L","Value","TOT","Total","PC","Percentage","0","units",,,1.53,,
BEL,"Belgium","JE_LTUR","Long-term unemployment rate","L","Value","TOT","Total","PC","Percentage","0","units",,,4.26,,
CAN,"Canada","JE_LTUR","Long-term unemployment rate","L","Value","TOT","Total","PC","Percentage","0","units",,,0.89,,
CZE,"Czech Republic","JE_LTUR","Long-term unemployment rate","L","Value","TOT","Total","PC","Percentage","0","units",,,2.72,,
DNK,"Denmark","JE_LTUR","Long-term unemployment rate","L","Value","TOT","Total","PC","Percentage","0","units",,,1.66,,
FIN,"Finland","JE_LTUR","Long-term unemployment rate","L","Value","TOT","Total","PC","Percentage","0","units",,,1.97,,
FRA,"France","JE_LTUR","Long-term unemployment rate","L","Value","TOT","Total","PC","Percentage","0","units",,,4.21,,
DEU,"Germany","JE_LTUR","Long-term unemployment rate","L","Value","TOT","Total","PC","Percentage","0","units",,,2.21,,
GRC,"Greece","JE_LTUR","Long-term unemployment rate","L","Value","TOT","Total","PC","Percentage","0","units",,,19.47,,
HUN,"Hungary","JE_LTUR","Long-term unemployment rate","L","Value","TOT","Total","PC","Percentage","0","units",,,3.78,,
ISL,"Iceland","JE_LTUR","Long-term unemployment rate","L","Value","TOT","Total","PC","Percentage","0","units",,,0.67,,
IRL,"Ireland","JE_LTUR","Long-term unemployment rate","L","Value","TOT","Total","PC","Percentage","0","units",,,6.98,,
ITA,"Italy","JE_LTUR","Long-term unemployment rate","L","Value","TOT","Total","PC","Percentage","0","units",,,7.79,,
JPN,"Japan","JE_LTUR","Long-term unemployment rate","L","Value","TOT","Total","PC","Percentage","0","units",,,1.36,,
KOR,"Korea","JE_LTUR","Long-term unemployment rate","L","Value","TOT","Total","PC","Percentage","0","units",,,0.01,,
LUX,"Luxembourg","JE_LTUR","Long-term unemployment rate","L","Value","TOT","Total","PC","Percentage","0","units",,,1.6,,
MEX,"Mexico","JE_LTUR","Long-term unemployment rate","L","Value","TOT","Total","PC","Percentage","0","units",,,0.06,,
NLD,"Netherlands","JE_LTUR","Long-term unemployment rate","L","Value","TOT","Total","PC","Percentage","0","units",,,2.98,,
NZL,"New Zealand","JE_LTUR","Long-term unemployment rate","L","Value","TOT","Total","PC","Percentage","0","units",,,0.78,,
NOR,"Norway","JE_LTUR","Long-term unemployment rate","L","Value","TOT","Total","PC","Percentage","0","units",,,0.41,,
POL,"Poland","JE_LTUR","Long-term unemployment rate","L","Value","TOT","Total","PC","Percentage","0","units",,,3.26,,
PRT,"Portugal","JE_LTUR","Long-term unemployment rate","L","Value","TOT","Total","PC","Percentage","0","units",,,8.28,,
SVK,"Slovak Republic","JE_LTUR","Long-term unemployment rate","L","Value","TOT","Total","PC","Percentage","0","units",,,8.8,,
ESP,"Spain","JE_LTUR","Long-term unemployment rate","L","Value","TOT","Total","PC","Percentage","0","units",,,12.92,,
SWE,"Sweden","JE_LTUR","Long-term unemployment rate","L","Value","TOT","Total","PC","Percentage","0","units",,,1.33,,
CHE,"Switzerland","JE_LTUR","Long-term unemployment rate","L","Value","TOT","Total","PC","Percentage","0","units",,,1.71,,
TUR,"Turkey","JE_LTUR","Long-term unemployment rate","L","Value","TOT","Total","PC","Percentage","0","units",,,2.04,,
GBR,"United Kingdom","JE_LTUR","Long-term unemployment rate","L","Value","TOT","Total","PC","Percentage","0","units",,,2.22,,
USA,"United States","JE_LTUR","Long-term unemployment rate","L","Value","TOT","Total","PC","Percentage","0","units",,,1.42,,
BRA,"Brazil","JE_LTUR","Long-term unemployment rate","L","Value","TOT","Total","PC","Percentage","0","units",,,0.81,"E","Estimated value"
CHL,"Chile","JE_LTUR","Long-term unemployment rate","L","Value","TOT","Total","PC","Percentage","0","units",,,1.67,"E","Estimated value"
EST,"Estonia","JE_LTUR","Long-term unemployment rate","L","Value","TOT","Total","PC","Percentage","0","units",,,3.32,,
ISR,"Israel","JE_LTUR","Long-term unemployment rate","L","Value","TOT","Total","PC","Percentage","0","units",,,0.63,,
RUS,"Russia","JE_LTUR","Long-term unemployment rate","L","Value","TOT","Total","PC","Percentage","0","units",,,1.45,,
SVN,"Slovenia","JE_LTUR","Long-term unemployment rate","L","Value","TOT","Total","PC","Percentage","0","units",,,5.27,,
OECD,"OECD - Total","JE_LTUR","Long-term unemployment rate","L","Value","TOT","Total","PC","Percentage","0","units",,,2.58,,
AUS,"Australia","JE_PEARN","Personal earnings","L","Value","TOT","Total","USD","US Dollar","0","units",,,51148,,
AUT,"Austria","JE_PEARN","Personal earnings","L","Value","TOT","Total","USD","US Dollar","0","units",,,45988,,
BEL,"Belgium","JE_PEARN","Personal earnings","L","Value","TOT","Total","USD","US Dollar","0","units",,,48093,,
CAN,"Canada","JE_PEARN","Personal earnings","L","Value","TOT","Total","USD","US Dollar","0","units",,,48164,,
CZE,"Czech Republic","JE_PEARN","Personal earnings","L","Value","TOT","Total","USD","US Dollar","0","units",,,21185,,
DNK,"Denmark","JE_PEARN","Personal earnings","L","Value","TOT","Total","USD","US Dollar","0","units",,,49589,,
FIN,"Finland","JE_PEARN","Personal earnings","L","Value","TOT","Total","USD","US Dollar","0","units",,,40742,,
FRA,"France","JE_PEARN","Personal earnings","L","Value","TOT","Total","USD","US Dollar","0","units",,,40828,,
DEU,"Germany","JE_PEARN","Personal earnings","L","Value","TOT","Total","USD","US Dollar","0","units",,,43872,,
GRC,"Greece","JE_PEARN","Personal earnings","L","Value","TOT","Total","USD","US Dollar","0","units",,,26436,,
HUN,"Hungary","JE_PEARN","Personal earnings","L","Value","TOT","Total","USD","US Dollar","0","units",,,21399,,
ISL,"Iceland","JE_PEARN","Personal earnings","L","Value","TOT","Total","USD","US Dollar","0","units",,,56789,"E","Estimated value"
IRL,"Ireland","JE_PEARN","Personal earnings","L","Value","TOT","Total","USD","US Dollar","0","units",,,53286,,
ITA,"Italy","JE_PEARN","Personal earnings","L","Value","TOT","Total","USD","US Dollar","0","units",,,34744,,
JPN,"Japan","JE_PEARN","Personal earnings","L","Value","TOT","Total","USD","US Dollar","0","units",,,35672,,
KOR,"Korea","JE_PEARN","Personal earnings","L","Value","TOT","Total","USD","US Dollar","0","units",,,36653,,
LUX,"Luxembourg","JE_PEARN","Personal earnings","L","Value","TOT","Total","USD","US Dollar","0","units",,,61511,,
MEX,"Mexico","JE_PEARN","Personal earnings","L","Value","TOT","Total","USD","US Dollar","0","units",,,12850,,
NLD,"Netherlands","JE_PEARN","Personal earnings","L","Value","TOT","Total","USD","US Dollar","0","units",,,51003,,
NZL,"New Zealand","JE_PEARN","Personal earnings","L","Value","TOT","Total","USD","US Dollar","0","units",,,45183,"E","Estimated value"
NOR,"Norway","JE_PEARN","Personal earnings","L","Value","TOT","Total","USD","US Dollar","0","units",,,51718,,
POL,"Poland","JE_PEARN","Personal earnings","L","Value","TOT","Total","USD","US Dollar","0","units",,,23649,,
PRT,"Portugal","JE_PEARN","Personal earnings","L","Value","TOT","Total","USD","US Dollar","0","units",,,23977,,
SVK,"Slovak Republic","JE_PEARN","Personal earnings","L","Value","TOT","Total","USD","US Dollar","0","units",,,22151,,
ESP,"Spain","JE_PEARN","Personal earnings","L","Value","TOT","Total","USD","US Dollar","0","units",,,36013,,
SWE,"Sweden","JE_PEARN","Personal earnings","L","Value","TOT","Total","USD","US Dollar","0","units",,,40994,,
CHE,"Switzerland","JE_PEARN","Personal earnings","L","Value","TOT","Total","USD","US Dollar","0","units",,,57082,,
TUR,"Turkey","JE_PEARN","Personal earnings","L","Value","TOT","Total","USD","US Dollar","0","units",,,15992,"E","Estimated value"
GBR,"United Kingdom","JE_PEARN","Personal earnings","L","Value","TOT","Total","USD","US Dollar","0","units",,,41659,,
USA,"United States","JE_PEARN","Personal earnings","L","Value","TOT","Total","USD","US Dollar","0","units",,,57139,,
BRA,"Brazil","JE_PEARN","Personal earnings","L","Value","TOT","Total","USD","US Dollar","0","units",,,10229,"E","Estimated value"
CHL,"Chile","JE_PEARN","Personal earnings","L","Value","TOT","Total","USD","US Dollar","0","units",,,21370,"E","Estimated value"
EST,"Estonia","JE_PEARN","Personal earnings","L","Value","TOT","Total","USD","US Dollar","0","units",,,21020,,
ISR,"Israel","JE_PEARN","Personal earnings","L","Value","TOT","Total","USD","US Dollar","0","units",,,29635,,
RUS,"Russia","JE_PEARN","Personal earnings","L","Value","TOT","Total","USD","US Dollar","0","units",,,26977,"E","Estimated value"
SVN,"Slovenia","JE_PEARN","Personal earnings","L","Value","TOT","Total","USD","US Dollar","0","units",,,33068,,
OECD,"OECD - Total","JE_PEARN","Personal earnings","L","Value","TOT","Total","USD","US Dollar","0","units",,,40974,,
AUS,"Australia","ES_EDUA","Educational attainment","L","Value","TOT","Total","PC","Percentage","0","units",,,77,,
AUT,"Austria","ES_EDUA","Educational attainment","L","Value","TOT","Total","PC","Percentage","0","units",,,84,,
BEL,"Belgium","ES_EDUA","Educational attainment","L","Value","TOT","Total","PC","Percentage","0","units",,,74,,
CAN,"Canada","ES_EDUA","Educational attainment","L","Value","TOT","Total","PC","Percentage","0","units",,,90,,
CZE,"Czech Republic","ES_EDUA","Educational attainment","L","Value","TOT","Total","PC","Percentage","0","units",,,93,,
DNK,"Denmark","ES_EDUA","Educational attainment","L","Value","TOT","Total","PC","Percentage","0","units",,,80,,
FIN,"Finland","ES_EDUA","Educational attainment","L","Value","TOT","Total","PC","Percentage","0","units",,,87,,
FRA,"France","ES_EDUA","Educational attainment","L","Value","TOT","Total","PC","Percentage","0","units",,,75,,
DEU,"Germany","ES_EDUA","Educational attainment","L","Value","TOT","Total","PC","Percentage","0","units",,,87,,
GRC,"Greece","ES_EDUA","Educational attainment","L","Value","TOT","Total","PC","Percentage","0","units",,,68,,
HUN,"Hungary","ES_EDUA","Educational attainment","L","Value","TOT","Total","PC","Percentage","0","units",,,83,,
ISL,"Iceland","ES_EDUA","Educational attainment","L","Value","TOT","Total","PC","Percentage","0","units",,,73,,
IRL,"Ireland","ES_EDUA","Educational attainment","L","Value","TOT","Total","PC","Percentage","0","units",,,79,,
ITA,"Italy","ES_EDUA","Educational attainment","L","Value","TOT","Total","PC","Percentage","0","units",,,59,,
JPN,"Japan","ES_EDUA","Educational attainment","L","Value","TOT","Total","PC","Percentage","0","units",,,94,"E","Estimated value"
KOR,"Korea","ES_EDUA","Educational attainment","L","Value","TOT","Total","PC","Percentage","0","units",,,85,,
LUX,"Luxembourg","ES_EDUA","Educational attainment","L","Value","TOT","Total","PC","Percentage","0","units",,,82,,
MEX,"Mexico","ES_EDUA","Educational attainment","L","Value","TOT","Total","PC","Percentage","0","units",,,34,,
NLD,"Netherlands","ES_EDUA","Educational attainment","L","Value","TOT","Total","PC","Percentage","0","units",,,76,,
NZL,"New Zealand","ES_EDUA","Educational attainment","L","Value","TOT","Total","PC","Percentage","0","units",,,74,,
NOR,"Norway","ES_EDUA","Educational attainment","L","Value","TOT","Total","PC","Percentage","0","units",,,82,,
POL,"Poland","ES_EDUA","Educational attainment","L","Value","TOT","Total","PC","Percentage","0","units",,,91,,
PRT,"Portugal","ES_EDUA","Educational attainment","L","Value","TOT","Total","PC","Percentage","0","units",,,43,,
SVK,"Slovak Republic","ES_EDUA","Educational attainment","L","Value","TOT","Total","PC","Percentage","0","units",,,91,,
ESP,"Spain","ES_EDUA","Educational attainment","L","Value","TOT","Total","PC","Percentage","0","units",,,57,,
SWE,"Sweden","ES_EDUA","Educational attainment","L","Value","TOT","Total","PC","Percentage","0","units",,,82,,
CHE,"Switzerland","ES_EDUA","Educational attainment","L","Value","TOT","Total","PC","Percentage","0","units",,,88,,
TUR,"Turkey","ES_EDUA","Educational attainment","L","Value","TOT","Total","PC","Percentage","0","units",,,36,,
GBR,"United Kingdom","ES_EDUA","Educational attainment","L","Value","TOT","Total","PC","Percentage","0","units",,,79,,
USA,"United States","ES_EDUA","Educational attainment","L","Value","TOT","Total","PC","Percentage","0","units",,,90,,
BRA,"Brazil","ES_EDUA","Educational attainment","L","Value","TOT","Total","PC","Percentage","0","units",,,46,,
CHL,"Chile","ES_EDUA","Educational attainment","L","Value","TOT","Total","PC","Percentage","0","units",,,61,,
EST,"Estonia","ES_EDUA","Educational attainment","L","Value","TOT","Total","PC","Percentage","0","units",,,91,,
ISR,"Israel","ES_EDUA","Educational attainment","L","Value","TOT","Total","PC","Percentage","0","units",,,85,,
RUS,"Russia","ES_EDUA","Educational attainment","L","Value","TOT","Total","PC","Percentage","0","units",,,95,,
SVN,"Slovenia","ES_EDUA","Educational attainment","L","Value","TOT","Total","PC","Percentage","0","units",,,86,,
OECD,"OECD - Total","ES_EDUA","Educational attainment","L","Value","TOT","Total","PC","Percentage","0","units",,,76,,
AUS,"Australia","ES_STCS","Student skills","L","Value","TOT","Total","AVSCORE","Average score","0","units",,,512,,
AUT,"Austria","ES_STCS","Student skills","L","Value","TOT","Total","AVSCORE","Average score","0","units",,,500,,
BEL,"Belgium","ES_STCS","Student skills","L","Value","TOT","Total","AVSCORE","Average score","0","units",,,509,,
CAN,"Canada","ES_STCS","Student skills","L","Value","TOT","Total","AVSCORE","Average score","0","units",,,522,,
CZE,"Czech Republic","ES_STCS","Student skills","L","Value","TOT","Total","AVSCORE","Average score","0","units",,,500,,
DNK,"Denmark","ES_STCS","Student skills","L","Value","TOT","Total","AVSCORE","Average score","0","units",,,498,,
FIN,"Finland","ES_STCS","Student skills","L","Value","TOT","Total","AVSCORE","Average score","0","units",,,529,,
FRA,"France","ES_STCS","Student skills","L","Value","TOT","Total","AVSCORE","Average score","0","units",,,500,,
DEU,"Germany","ES_STCS","Student skills","L","Value","TOT","Total","AVSCORE","Average score","0","units",,,515,,
GRC,"Greece","ES_STCS","Student skills","L","Value","TOT","Total","AVSCORE","Average score","0","units",,,466,,
HUN,"Hungary","ES_STCS","Student skills","L","Value","TOT","Total","AVSCORE","Average score","0","units",,,487,,
ISL,"Iceland","ES_STCS","Student skills","L","Value","TOT","Total","AVSCORE","Average score","0","units",,,484,,
IRL,"Ireland","ES_STCS","Student skills","L","Value","TOT","Total","AVSCORE","Average score","0","units",,,516,,
ITA,"Italy","ES_STCS","Student skills","L","Value","TOT","Total","AVSCORE","Average score","0","units",,,490,,
JPN,"Japan","ES_STCS","Student skills","L","Value","TOT","Total","AVSCORE","Average score","0","units",,,540,,
KOR,"Korea","ES_STCS","Student skills","L","Value","TOT","Total","AVSCORE","Average score","0","units",,,542,,
LUX,"Luxembourg","ES_STCS","Student skills","L","Value","TOT","Total","AVSCORE","Average score","0","units",,,490,,
MEX,"Mexico","ES_STCS","Student skills","L","Value","TOT","Total","AVSCORE","Average score","0","units",,,417,,
NLD,"Netherlands","ES_STCS","Student skills","L","Value","TOT","Total","AVSCORE","Average score","0","units",,,519,,
NZL,"New Zealand","ES_STCS","Student skills","L","Value","TOT","Total","AVSCORE","Average score","0","units",,,509,,
NOR,"Norway","ES_STCS","Student skills","L","Value","TOT","Total","AVSCORE","Average score","0","units",,,496,,
POL,"Poland","ES_STCS","Student skills","L","Value","TOT","Total","AVSCORE","Average score","0","units",,,521,,
PRT,"Portugal","ES_STCS","Student skills","L","Value","TOT","Total","AVSCORE","Average score","0","units",,,488,,
SVK,"Slovak Republic","ES_STCS","Student skills","L","Value","TOT","Total","AVSCORE","Average score","0","units",,,472,,
ESP,"Spain","ES_STCS","Student skills","L","Value","TOT","Total","AVSCORE","Average score","0","units",,,490,,
SWE,"Sweden","ES_STCS","Student skills","L","Value","TOT","Total","AVSCORE","Average score","0","units",,,482,,
CHE,"Switzerland","ES_STCS","Student skills","L","Value","TOT","Total","AVSCORE","Average score","0","units",,,518,,
TUR,"Turkey","ES_STCS","Student skills","L","Value","TOT","Total","AVSCORE","Average score","0","units",,,462,,
GBR,"United Kingdom","ES_STCS","Student skills","L","Value","TOT","Total","AVSCORE","Average score","0","units",,,502,,
USA,"United States","ES_STCS","Student skills","L","Value","TOT","Total","AVSCORE","Average score","0","units",,,492,,
BRA,"Brazil","ES_STCS","Student skills","L","Value","TOT","Total","AVSCORE","Average score","0","units",,,402,,
CHL,"Chile","ES_STCS","Student skills","L","Value","TOT","Total","AVSCORE","Average score","0","units",,,436,,
EST,"Estonia","ES_STCS","Student skills","L","Value","TOT","Total","AVSCORE","Average score","0","units",,,526,,
ISR,"Israel","ES_STCS","Student skills","L","Value","TOT","Total","AVSCORE","Average score","0","units",,,474,,
RUS,"Russia","ES_STCS","Student skills","L","Value","TOT","Total","AVSCORE","Average score","0","units",,,481,,
SVN,"Slovenia","ES_STCS","Student skills","L","Value","TOT","Total","AVSCORE","Average score","0","units",,,499,,
OECD,"OECD - Total","ES_STCS","Student skills","L","Value","TOT","Total","AVSCORE","Average score","0","units",,,497,,
AUS,"Australia","ES_EDUEX","Years in education","L","Value","TOT","Total","YR","Years","0","units",,,19.2,,
AUT,"Austria","ES_EDUEX","Years in education","L","Value","TOT","Total","YR","Years","0","units",,,17.1,,
BEL,"Belgium","ES_EDUEX","Years in education","L","Value","TOT","Total","YR","Years","0","units",,,18.8,,
CAN,"Canada","ES_EDUEX","Years in education","L","Value","TOT","Total","YR","Years","0","units",,,16.3,,
CZE,"Czech Republic","ES_EDUEX","Years in education","L","Value","TOT","Total","YR","Years","0","units",,,17.4,,
DNK,"Denmark","ES_EDUEX","Years in education","L","Value","TOT","Total","YR","Years","0","units",,,19.6,,
FIN,"Finland","ES_EDUEX","Years in education","L","Value","TOT","Total","YR","Years","0","units",,,19.7,,
FRA,"France","ES_EDUEX","Years in education","L","Value","TOT","Total","YR","Years","0","units",,,16.4,,
DEU,"Germany","ES_EDUEX","Years in education","L","Value","TOT","Total","YR","Years","0","units",,,18.1,,
GRC,"Greece","ES_EDUEX","Years in education","L","Value","TOT","Total","YR","Years","0","units",,,18.5,,
HUN,"Hungary","ES_EDUEX","Years in education","L","Value","TOT","Total","YR","Years","0","units",,,17.2,,
ISL,"Iceland","ES_EDUEX","Years in education","L","Value","TOT","Total","YR","Years","0","units",,,19.6,,
IRL,"Ireland","ES_EDUEX","Years in education","L","Value","TOT","Total","YR","Years","0","units",,,17.8,,
ITA,"Italy","ES_EDUEX","Years in education","L","Value","TOT","Total","YR","Years","0","units",,,16.8,,
JPN,"Japan","ES_EDUEX","Years in education","L","Value","TOT","Total","YR","Years","0","units",,,16,,
KOR,"Korea","ES_EDUEX","Years in education","L","Value","TOT","Total","YR","Years","0","units",,,17.5,,
LUX,"Luxembourg","ES_EDUEX","Years in education","L","Value","TOT","Total","YR","Years","0","units",,,15.1,,
MEX,"Mexico","ES_EDUEX","Years in education","L","Value","TOT","Total","YR","Years","0","units",,,14.4,,
NLD,"Netherlands","ES_EDUEX","Years in education","L","Value","TOT","Total","YR","Years","0","units",,,17.9,,
NZL,"New Zealand","ES_EDUEX","Years in education","L","Value","TOT","Total","YR","Years","0","units",,,18,,
NOR,"Norway","ES_EDUEX","Years in education","L","Value","TOT","Total","YR","Years","0","units",,,18,,
POL,"Poland","ES_EDUEX","Years in education","L","Value","TOT","Total","YR","Years","0","units",,,17.9,,
PRT,"Portugal","ES_EDUEX","Years in education","L","Value","TOT","Total","YR","Years","0","units",,,17.4,,
SVK,"Slovak Republic","ES_EDUEX","Years in education","L","Value","TOT","Total","YR","Years","0","units",,,16.2,,
ESP,"Spain","ES_EDUEX","Years in education","L","Value","TOT","Total","YR","Years","0","units",,,17.7,,
SWE,"Sweden","ES_EDUEX","Years in education","L","Value","TOT","Total","YR","Years","0","units",,,19.1,,
CHE,"Switzerland","ES_EDUEX","Years in education","L","Value","TOT","Total","YR","Years","0","units",,,17.4,,
TUR,"Turkey","ES_EDUEX","Years in education","L","Value","TOT","Total","YR","Years","0","units",,,16.9,,
GBR,"United Kingdom","ES_EDUEX","Years in education","L","Value","TOT","Total","YR","Years","0","units",,,16.7,,
USA,"United States","ES_EDUEX","Years in education","L","Value","TOT","Total","YR","Years","0","units",,,17.1,,
BRA,"Brazil","ES_EDUEX","Years in education","L","Value","TOT","Total","YR","Years","0","units",,,15.6,,
CHL,"Chile","ES_EDUEX","Years in education","L","Value","TOT","Total","YR","Years","0","units",,,17.1,,
EST,"Estonia","ES_EDUEX","Years in education","L","Value","TOT","Total","YR","Years","0","units",,,17.8,,
ISR,"Israel","ES_EDUEX","Years in education","L","Value","TOT","Total","YR","Years","0","units",,,15.9,,
RUS,"Russia","ES_EDUEX","Years in education","L","Value","TOT","Total","YR","Years","0","units",,,16.1,,
SVN,"Slovenia","ES_EDUEX","Years in education","L","Value","TOT","Total","YR","Years","0","units",,,18.3,,
OECD,"OECD - Total","ES_EDUEX","Years in education","L","Value","TOT","Total","YR","Years","0","units",,,17.5,,
AUS,"Australia","EQ_AIRP","Air pollution","L","Value","TOT","Total","MICRO_M3","Micrograms per cubic metre","0","units",,,6,,
AUT,"Austria","EQ_AIRP","Air pollution","L","Value","TOT","Total","MICRO_M3","Micrograms per cubic metre","0","units",,,15,,
BEL,"Belgium","EQ_AIRP","Air pollution","L","Value","TOT","Total","MICRO_M3","Micrograms per cubic metre","0","units",,,19,,
CAN,"Canada","EQ_AIRP","Air pollution","L","Value","TOT","Total","MICRO_M3","Micrograms per cubic metre","0","units",,,12,,
CZE,"Czech Republic","EQ_AIRP","Air pollution","L","Value","TOT","Total","MICRO_M3","Micrograms per cubic metre","0","units",,,17,,
DNK,"Denmark","EQ_AIRP","Air pollution","L","Value","TOT","Total","MICRO_M3","Micrograms per cubic metre","0","units",,,11,,
FIN,"Finland","EQ_AIRP","Air pollution","L","Value","TOT","Total","MICRO_M3","Micrograms per cubic metre","0","units",,,7,,
FRA,"France","EQ_AIRP","Air pollution","L","Value","TOT","Total","MICRO_M3","Micrograms per cubic metre","0","units",,,14,,
DEU,"Germany","EQ_AIRP","Air pollution","L","Value","TOT","Total","MICRO_M3","Micrograms per cubic metre","0","units",,,15,,
GRC,"Greece","EQ_AIRP","Air pollution","L","Value","TOT","Total","MICRO_M3","Micrograms per cubic metre","0","units",,,15,,
HUN,"Hungary","EQ_AIRP","Air pollution","L","Value","TOT","Total","MICRO_M3","Micrograms per cubic metre","0","units",,,16,,
ISL,"Iceland","EQ_AIRP","Air pollution","L","Value","TOT","Total","MICRO_M3","Micrograms per cubic metre","0","units",,,7,,
IRL,"Ireland","EQ_AIRP","Air pollution","L","Value","TOT","Total","MICRO_M3","Micrograms per cubic metre","0","units",,,8,,
ITA,"Italy","EQ_AIRP","Air pollution","L","Value","TOT","Total","MICRO_M3","Micrograms per cubic metre","0","units",,,18,,
JPN,"Japan","EQ_AIRP","Air pollution","L","Value","TOT","Total","MICRO_M3","Micrograms per cubic metre","0","units",,,16,,
KOR,"Korea","EQ_AIRP","Air pollution","L","Value","TOT","Total","MICRO_M3","Micrograms per cubic metre","0","units",,,29,,
LUX,"Luxembourg","EQ_AIRP","Air pollution","L","Value","TOT","Total","MICRO_M3","Micrograms per cubic metre","0","units",,,15,,
MEX,"Mexico","EQ_AIRP","Air pollution","L","Value","TOT","Total","MICRO_M3","Micrograms per cubic metre","0","units",,,12,,
NLD,"Netherlands","EQ_AIRP","Air pollution","L","Value","TOT","Total","MICRO_M3","Micrograms per cubic metre","0","units",,,17,,
NZL,"New Zealand","EQ_AIRP","Air pollution","L","Value","TOT","Total","MICRO_M3","Micrograms per cubic metre","0","units",,,9,,
NOR,"Norway","EQ_AIRP","Air pollution","L","Value","TOT","Total","MICRO_M3","Micrograms per cubic metre","0","units",,,6,,
POL,"Poland","EQ_AIRP","Air pollution","L","Value","TOT","Total","MICRO_M3","Micrograms per cubic metre","0","units",,,17,,
PRT,"Portugal","EQ_AIRP","Air pollution","L","Value","TOT","Total","MICRO_M3","Micrograms per cubic metre","0","units",,,10,,
SVK,"Slovak Republic","EQ_AIRP","Air pollution","L","Value","TOT","Total","MICRO_M3","Micrograms per cubic metre","0","units",,,16,,
ESP,"Spain","EQ_AIRP","Air pollution","L","Value","TOT","Total","MICRO_M3","Micrograms per cubic metre","0","units",,,12,,
SWE,"Sweden","EQ_AIRP","Air pollution","L","Value","TOT","Total","MICRO_M3","Micrograms per cubic metre","0","units",,,7,,
CHE,"Switzerland","EQ_AIRP","Air pollution","L","Value","TOT","Total","MICRO_M3","Micrograms per cubic metre","0","units",,,17,,
TUR,"Turkey","EQ_AIRP","Air pollution","L","Value","TOT","Total","MICRO_M3","Micrograms per cubic metre","0","units",,,17,,
GBR,"United Kingdom","EQ_AIRP","Air pollution","L","Value","TOT","Total","MICRO_M3","Micrograms per cubic metre","0","units",,,11,,
USA,"United States","EQ_AIRP","Air pollution","L","Value","TOT","Total","MICRO_M3","Micrograms per cubic metre","0","units",,,11,,
BRA,"Brazil","EQ_AIRP","Air pollution","L","Value","TOT","Total","MICRO_M3","Micrograms per cubic metre","0","units",,,17,,
CHL,"Chile","EQ_AIRP","Air pollution","L","Value","TOT","Total","MICRO_M3","Micrograms per cubic metre","0","units",,,18,,
EST,"Estonia","EQ_AIRP","Air pollution","L","Value","TOT","Total","MICRO_M3","Micrograms per cubic metre","0","units",,,9,,
ISR,"Israel","EQ_AIRP","Air pollution","L","Value","TOT","Total","MICRO_M3","Micrograms per cubic metre","0","units",,,26,,
RUS,"Russia","EQ_AIRP","Air pollution","L","Value","TOT","Total","MICRO_M3","Micrograms per cubic metre","0","units",,,14,,
SVN,"Slovenia","EQ_AIRP","Air pollution","L","Value","TOT","Total","MICRO_M3","Micrograms per cubic metre","0","units",,,14,,
OECD,"OECD - Total","EQ_AIRP","Air pollution","L","Value","TOT","Total","MICRO_M3","Micrograms per cubic metre","0","units",,,14,,
AUS,"Australia","EQ_WATER","Water quality","L","Value","TOT","Total","PC","Percentage","0","units",,,94,,
AUT,"Austria","EQ_WATER","Water quality","L","Value","TOT","Total","PC","Percentage","0","units",,,93,,
BEL,"Belgium","EQ_WATER","Water quality","L","Value","TOT","Total","PC","Percentage","0","units",,,83,,
CAN,"Canada","EQ_WATER","Water quality","L","Value","TOT","Total","PC","Percentage","0","units",,,90,,
CZE,"Czech Republic","EQ_WATER","Water quality","L","Value","TOT","Total","PC","Percentage","0","units",,,88,,
DNK,"Denmark","EQ_WATER","Water quality","L","Value","TOT","Total","PC","Percentage","0","units",,,95,,
FIN,"Finland","EQ_WATER","Water quality","L","Value","TOT","Total","PC","Percentage","0","units",,,94,,
FRA,"France","EQ_WATER","Water quality","L","Value","TOT","Total","PC","Percentage","0","units",,,84,,
DEU,"Germany","EQ_WATER","Water quality","L","Value","TOT","Total","PC","Percentage","0","units",,,94,,
GRC,"Greece","EQ_WATER","Water quality","L","Value","TOT","Total","PC","Percentage","0","units",,,69,,
HUN,"Hungary","EQ_WATER","Water quality","L","Value","TOT","Total","PC","Percentage","0","units",,,76,,
ISL,"Iceland","EQ_WATER","Water quality","L","Value","TOT","Total","PC","Percentage","0","units",,,97,,
IRL,"Ireland","EQ_WATER","Water quality","L","Value","TOT","Total","PC","Percentage","0","units",,,82,,
ITA,"Italy","EQ_WATER","Water quality","L","Value","TOT","Total","PC","Percentage","0","units",,,70,,
JPN,"Japan","EQ_WATER","Water quality","L","Value","TOT","Total","PC","Percentage","0","units",,,87,,
KOR,"Korea","EQ_WATER","Water quality","L","Value","TOT","Total","PC","Percentage","0","units",,,78,,
LUX,"Luxembourg","EQ_WATER","Water quality","L","Value","TOT","Total","PC","Percentage","0","units",,,85,,
MEX,"Mexico","EQ_WATER","Water quality","L","Value","TOT","Total","PC","Percentage","0","units",,,68,,
NLD,"Netherlands","EQ_WATER","Water quality","L","Value","TOT","Total","PC","Percentage","0","units",,,94,,
NZL,"New Zealand","EQ_WATER","Water quality","L","Value","TOT","Total","PC","Percentage","0","units",,,92,,
NOR,"Norway","EQ_WATER","Water quality","L","Value","TOT","Total","PC","Percentage","0","units",,,97,,
POL,"Poland","EQ_WATER","Water quality","L","Value","TOT","Total","PC","Percentage","0","units",,,80,,
PRT,"Portugal","EQ_WATER","Water quality","L","Value","TOT","Total","PC","Percentage","0","units",,,89,,
SVK,"Slovak Republic","EQ_WATER","Water quality","L","Value","TOT","Total","PC","Percentage","0","units",,,81,,
ESP,"Spain","EQ_WATER","Water quality","L","Value","TOT","Total","PC","Percentage","0","units",,,71,,
SWE,"Sweden","EQ_WATER","Water quality","L","Value","TOT","Total","PC","Percentage","0","units",,,95,,
CHE,"Switzerland","EQ_WATER","Water quality","L","Value","TOT","Total","PC","Percentage","0","units",,,97,,
TUR,"Turkey","EQ_WATER","Water quality","L","Value","TOT","Total","PC","Percentage","0","units",,,63,,
GBR,"United Kingdom","EQ_WATER","Water quality","L","Value","TOT","Total","PC","Percentage","0","units",,,87,,
USA,"United States","EQ_WATER","Water quality","L","Value","TOT","Total","PC","Percentage","0","units",,,84,,
BRA,"Brazil","EQ_WATER","Water quality","L","Value","TOT","Total","PC","Percentage","0","units",,,73,,
CHL,"Chile","EQ_WATER","Water quality","L","Value","TOT","Total","PC","Percentage","0","units",,,71,,
EST,"Estonia","EQ_WATER","Water quality","L","Value","TOT","Total","PC","Percentage","0","units",,,84,,
ISR,"Israel","EQ_WATER","Water quality","L","Value","TOT","Total","PC","Percentage","0","units",,,65,,
RUS,"Russia","EQ_WATER","Water quality","L","Value","TOT","Total","PC","Percentage","0","units",,,49,,
SVN,"Slovenia","EQ_WATER","Water quality","L","Value","TOT","Total","PC","Percentage","0","units",,,91,,
OECD,"OECD - Total","EQ_WATER","Water quality","L","Value","TOT","Total","PC","Percentage","0","units",,,81,,
AUS,"Australia","CG_VOTO","Voter turnout","L","Value","TOT","Total","PC","Percentage","0","units",,,93,,
AUT,"Austria","CG_VOTO","Voter turnout","L","Value","TOT","Total","PC","Percentage","0","units",,,75,,
BEL,"Belgium","CG_VOTO","Voter turnout","L","Value","TOT","Total","PC","Percentage","0","units",,,89,,
CAN,"Canada","CG_VOTO","Voter turnout","L","Value","TOT","Total","PC","Percentage","0","units",,,68,,
CZE,"Czech Republic","CG_VOTO","Voter turnout","L","Value","TOT","Total","PC","Percentage","0","units",,,59,,
DNK,"Denmark","CG_VOTO","Voter turnout","L","Value","TOT","Total","PC","Percentage","0","units",,,86,,
FIN,"Finland","CG_VOTO","Voter turnout","L","Value","TOT","Total","PC","Percentage","0","units",,,69,,
FRA,"France","CG_VOTO","Voter turnout","L","Value","TOT","Total","PC","Percentage","0","units",,,80,,
DEU,"Germany","CG_VOTO","Voter turnout","L","Value","TOT","Total","PC","Percentage","0","units",,,72,,
GRC,"Greece","CG_VOTO","Voter turnout","L","Value","TOT","Total","PC","Percentage","0","units",,,64,,
HUN,"Hungary","CG_VOTO","Voter turnout","L","Value","TOT","Total","PC","Percentage","0","units",,,62,,
ISL,"Iceland","CG_VOTO","Voter turnout","L","Value","TOT","Total","PC","Percentage","0","units",,,81,,
IRL,"Ireland","CG_VOTO","Voter turnout","L","Value","TOT","Total","PC","Percentage","0","units",,,70,,
ITA,"Italy","CG_VOTO","Voter turnout","L","Value","TOT","Total","PC","Percentage","0","units",,,75,,
JPN,"Japan","CG_VOTO","Voter turnout","L","Value","TOT","Total","PC","Percentage","0","units",,,53,,
KOR,"Korea","CG_VOTO","Voter turnout","L","Value","TOT","Total","PC","Percentage","0","units",,,76,,
LUX,"Luxembourg","CG_VOTO","Voter turnout","L","Value","TOT","Total","PC","Percentage","0","units",,,91,,
MEX,"Mexico","CG_VOTO","Voter turnout","L","Value","TOT","Total","PC","Percentage","0","units",,,63,,
NLD,"Netherlands","CG_VOTO","Voter turnout","L","Value","TOT","Total","PC","Percentage","0","units",,,75,,
NZL,"New Zealand","CG_VOTO","Voter turnout","L","Value","TOT","Total","PC","Percentage","0","units",,,77,,
NOR,"Norway","CG_VOTO","Voter turnout","L","Value","TOT","Total","PC","Percentage","0","units",,,78,,
POL,"Poland","CG_VOTO","Voter turnout","L","Value","TOT","Total","PC","Percentage","0","units",,,55,,
PRT,"Portugal","CG_VOTO","Voter turnout","L","Value","TOT","Total","PC","Percentage","0","units",,,56,,
SVK,"Slovak Republic","CG_VOTO","Voter turnout","L","Value","TOT","Total","PC","Percentage","0","units",,,59,,
ESP,"Spain","CG_VOTO","Voter turnout","L","Value","TOT","Total","PC","Percentage","0","units",,,73,,
SWE,"Sweden","CG_VOTO","Voter turnout","L","Value","TOT","Total","PC","Percentage","0","units",,,86,,
CHE,"Switzerland","CG_VOTO","Voter turnout","L","Value","TOT","Total","PC","Percentage","0","units",,,48,,
TUR,"Turkey","CG_VOTO","Voter turnout","L","Value","TOT","Total","PC","Percentage","0","units",,,85,,
GBR,"United Kingdom","CG_VOTO","Voter turnout","L","Value","TOT","Total","PC","Percentage","0","units",,,66,,
USA,"United States","CG_VOTO","Voter turnout","L","Value","TOT","Total","PC","Percentage","0","units",,,67,,
BRA,"Brazil","CG_VOTO","Voter turnout","L","Value","TOT","Total","PC","Percentage","0","units",,,79,,
CHL,"Chile","CG_VOTO","Voter turnout","L","Value","TOT","Total","PC","Percentage","0","units",,,49,,
EST,"Estonia","CG_VOTO","Voter turnout","L","Value","TOT","Total","PC","Percentage","0","units",,,64,,
ISR,"Israel","CG_VOTO","Voter turnout","L","Value","TOT","Total","PC","Percentage","0","units",,,72,,
RUS,"Russia","CG_VOTO","Voter turnout","L","Value","TOT","Total","PC","Percentage","0","units",,,65,,
SVN,"Slovenia","CG_VOTO","Voter turnout","L","Value","TOT","Total","PC","Percentage","0","units",,,52,,
OECD,"OECD - Total","CG_VOTO","Voter turnout","L","Value","TOT","Total","PC","Percentage","0","units",,,68,,
AUS,"Australia","HS_LEB","Life expectancy","L","Value","TOT","Total","YR","Years","0","units",,,82.2,,
AUT,"Austria","HS_LEB","Life expectancy","L","Value","TOT","Total","YR","Years","0","units",,,81.2,,
BEL,"Belgium","HS_LEB","Life expectancy","L","Value","TOT","Total","YR","Years","0","units",,,80.7,,
CAN,"Canada","HS_LEB","Life expectancy","L","Value","TOT","Total","YR","Years","0","units",,,81.5,,
CZE,"Czech Republic","HS_LEB","Life expectancy","L","Value","TOT","Total","YR","Years","0","units",,,78.3,,
DNK,"Denmark","HS_LEB","Life expectancy","L","Value","TOT","Total","YR","Years","0","units",,,80.4,,
FIN,"Finland","HS_LEB","Life expectancy","L","Value","TOT","Total","YR","Years","0","units",,,81.1,,
FRA,"France","HS_LEB","Life expectancy","L","Value","TOT","Total","YR","Years","0","units",,,82.3,,
DEU,"Germany","HS_LEB","Life expectancy","L","Value","TOT","Total","YR","Years","0","units",,,80.9,,
GRC,"Greece","HS_LEB","Life expectancy","L","Value","TOT","Total","YR","Years","0","units",,,81.4,,
HUN,"Hungary","HS_LEB","Life expectancy","L","Value","TOT","Total","YR","Years","0","units",,,75.7,,
ISL,"Iceland","HS_LEB","Life expectancy","L","Value","TOT","Total","YR","Years","0","units",,,82.1,,
IRL,"Ireland","HS_LEB","Life expectancy","L","Value","TOT","Total","YR","Years","0","units",,,81.1,,
ITA,"Italy","HS_LEB","Life expectancy","L","Value","TOT","Total","YR","Years","0","units",,,82.8,,
JPN,"Japan","HS_LEB","Life expectancy","L","Value","TOT","Total","YR","Years","0","units",,,83.4,,
KOR,"Korea","HS_LEB","Life expectancy","L","Value","TOT","Total","YR","Years","0","units",,,81.8,,
LUX,"Luxembourg","HS_LEB","Life expectancy","L","Value","TOT","Total","YR","Years","0","units",,,81.9,,
MEX,"Mexico","HS_LEB","Life expectancy","L","Value","TOT","Total","YR","Years","0","units",,,74.6,,
NLD,"Netherlands","HS_LEB","Life expectancy","L","Value","TOT","Total","YR","Years","0","units",,,81.4,,
NZL,"New Zealand","HS_LEB","Life expectancy","L","Value","TOT","Total","YR","Years","0","units",,,81.4,,
NOR,"Norway","HS_LEB","Life expectancy","L","Value","TOT","Total","YR","Years","0","units",,,81.8,,
POL,"Poland","HS_LEB","Life expectancy","L","Value","TOT","Total","YR","Years","0","units",,,77.1,,
PRT,"Portugal","HS_LEB","Life expectancy","L","Value","TOT","Total","YR","Years","0","units",,,80.8,,
SVK,"Slovak Republic","HS_LEB","Life expectancy","L","Value","TOT","Total","YR","Years","0","units",,,76.5,,
ESP,"Spain","HS_LEB","Life expectancy","L","Value","TOT","Total","YR","Years","0","units",,,83.2,,
SWE,"Sweden","HS_LEB","Life expectancy","L","Value","TOT","Total","YR","Years","0","units",,,82,,
CHE,"Switzerland","HS_LEB","Life expectancy","L","Value","TOT","Total","YR","Years","0","units",,,82.9,,
TUR,"Turkey","HS_LEB","Life expectancy","L","Value","TOT","Total","YR","Years","0","units",,,76.6,,
GBR,"United Kingdom","HS_LEB","Life expectancy","L","Value","TOT","Total","YR","Years","0","units",,,81.1,,
USA,"United States","HS_LEB","Life expectancy","L","Value","TOT","Total","YR","Years","0","units",,,78.8,,
BRA,"Brazil","HS_LEB","Life expectancy","L","Value","TOT","Total","YR","Years","0","units",,,75,,
CHL,"Chile","HS_LEB","Life expectancy","L","Value","TOT","Total","YR","Years","0","units",,,78.8,,
EST,"Estonia","HS_LEB","Life expectancy","L","Value","TOT","Total","YR","Years","0","units",,,77.3,,
ISR,"Israel","HS_LEB","Life expectancy","L","Value","TOT","Total","YR","Years","0","units",,,82.1,,
RUS,"Russia","HS_LEB","Life expectancy","L","Value","TOT","Total","YR","Years","0","units",,,70.7,,
SVN,"Slovenia","HS_LEB","Life expectancy","L","Value","TOT","Total","YR","Years","0","units",,,80.4,,
OECD,"OECD - Total","HS_LEB","Life expectancy","L","Value","TOT","Total","YR","Years","0","units",,,79.9,,
AUS,"Australia","HS_SFRH","Self-reported health","L","Value","TOT","Total","PC","Percentage","0","units",,,85,,
AUT,"Austria","HS_SFRH","Self-reported health","L","Value","TOT","Total","PC","Percentage","0","units",,,69,,
BEL,"Belgium","HS_SFRH","Self-reported health","L","Value","TOT","Total","PC","Percentage","0","units",,,74,,
CAN,"Canada","HS_SFRH","Self-reported health","L","Value","TOT","Total","PC","Percentage","0","units",,,89,,
CZE,"Czech Republic","HS_SFRH","Self-reported health","L","Value","TOT","Total","PC","Percentage","0","units",,,60,,
DNK,"Denmark","HS_SFRH","Self-reported health","L","Value","TOT","Total","PC","Percentage","0","units",,,72,,
FIN,"Finland","HS_SFRH","Self-reported health","L","Value","TOT","Total","PC","Percentage","0","units",,,65,,
FRA,"France","HS_SFRH","Self-reported health","L","Value","TOT","Total","PC","Percentage","0","units",,,67,,
DEU,"Germany","HS_SFRH","Self-reported health","L","Value","TOT","Total","PC","Percentage","0","units",,,65,,
GRC,"Greece","HS_SFRH","Self-reported health","L","Value","TOT","Total","PC","Percentage","0","units",,,74,,
HUN,"Hungary","HS_SFRH","Self-reported health","L","Value","TOT","Total","PC","Percentage","0","units",,,57,,
ISL,"Iceland","HS_SFRH","Self-reported health","L","Value","TOT","Total","PC","Percentage","0","units",,,77,,
IRL,"Ireland","HS_SFRH","Self-reported health","L","Value","TOT","Total","PC","Percentage","0","units",,,82,,
ITA,"Italy","HS_SFRH","Self-reported health","L","Value","TOT","Total","PC","Percentage","0","units",,,66,,
JPN,"Japan","HS_SFRH","Self-reported health","L","Value","TOT","Total","PC","Percentage","0","units",,,35,,
KOR,"Korea","HS_SFRH","Self-reported health","L","Value","TOT","Total","PC","Percentage","0","units",,,35,,
LUX,"Luxembourg","HS_SFRH","Self-reported health","L","Value","TOT","Total","PC","Percentage","0","units",,,72,,
MEX,"Mexico","HS_SFRH","Self-reported health","L","Value","TOT","Total","PC","Percentage","0","units",,,66,,
NLD,"Netherlands","HS_SFRH","Self-reported health","L","Value","TOT","Total","PC","Percentage","0","units",,,76,,
NZL,"New Zealand","HS_SFRH","Self-reported health","L","Value","TOT","Total","PC","Percentage","0","units",,,90,,
NOR,"Norway","HS_SFRH","Self-reported health","L","Value","TOT","Total","PC","Percentage","0","units",,,76,,
POL,"Poland","HS_SFRH","Self-reported health","L","Value","TOT","Total","PC","Percentage","0","units",,,58,,
PRT,"Portugal","HS_SFRH","Self-reported health","L","Value","TOT","Total","PC","Percentage","0","units",,,46,,
SVK,"Slovak Republic","HS_SFRH","Self-reported health","L","Value","TOT","Total","PC","Percentage","0","units",,,66,,
ESP,"Spain","HS_SFRH","Self-reported health","L","Value","TOT","Total","PC","Percentage","0","units",,,72,,
SWE,"Sweden","HS_SFRH","Self-reported health","L","Value","TOT","Total","PC","Percentage","0","units",,,81,,
CHE,"Switzerland","HS_SFRH","Self-reported health","L","Value","TOT","Total","PC","Percentage","0","units",,,81,,
TUR,"Turkey","HS_SFRH","Self-reported health","L","Value","TOT","Total","PC","Percentage","0","units",,,68,,
GBR,"United Kingdom","HS_SFRH","Self-reported health","L","Value","TOT","Total","PC","Percentage","0","units",,,74,,
USA,"United States","HS_SFRH","Self-reported health","L","Value","TOT","Total","PC","Percentage","0","units",,,88,,
BRA,"Brazil","HS_SFRH","Self-reported health","L","Value","TOT","Total","PC","Percentage","0","units",,,70,"E","Estimated value"
CHL,"Chile","HS_SFRH","Self-reported health","L","Value","TOT","Total","PC","Percentage","0","units",,,59,,
EST,"Estonia","HS_SFRH","Self-reported health","L","Value","TOT","Total","PC","Percentage","0","units",,,53,,
ISR,"Israel","HS_SFRH","Self-reported health","L","Value","TOT","Total","PC","Percentage","0","units",,,80,,
RUS,"Russia","HS_SFRH","Self-reported health","L","Value","TOT","Total","PC","Percentage","0","units",,,39,,
SVN,"Slovenia","HS_SFRH","Self-reported health","L","Value","TOT","Total","PC","Percentage","0","units",,,65,,
OECD,"OECD - Total","HS_SFRH","Self-reported health","L","Value","TOT","Total","PC","Percentage","0","units",,,69,,
AUS,"Australia","SW_LIFS","Life satisfaction","L","Value","TOT","Total","AVSCORE","Average score","0","units",,,7.3,,
AUT,"Austria","SW_LIFS","Life satisfaction","L","Value","TOT","Total","AVSCORE","Average score","0","units",,,7.1,,
BEL,"Belgium","SW_LIFS","Life satisfaction","L","Value","TOT","Total","AVSCORE","Average score","0","units",,,6.9,,
CAN,"Canada","SW_LIFS","Life satisfaction","L","Value","TOT","Total","AVSCORE","Average score","0","units",,,7.4,,
CZE,"Czech Republic","SW_LIFS","Life satisfaction","L","Value","TOT","Total","AVSCORE","Average score","0","units",,,6.6,,
DNK,"Denmark","SW_LIFS","Life satisfaction","L","Value","TOT","Total","AVSCORE","Average score","0","units",,,7.5,,
FIN,"Finland","SW_LIFS","Life satisfaction","L","Value","TOT","Total","AVSCORE","Average score","0","units",,,7.4,,
FRA,"France","SW_LIFS","Life satisfaction","L","Value","TOT","Total","AVSCORE","Average score","0","units",,,6.4,,
DEU,"Germany","SW_LIFS","Life satisfaction","L","Value","TOT","Total","AVSCORE","Average score","0","units",,,7,,
GRC,"Greece","SW_LIFS","Life satisfaction","L","Value","TOT","Total","AVSCORE","Average score","0","units",,,5.6,,
HUN,"Hungary","SW_LIFS","Life satisfaction","L","Value","TOT","Total","AVSCORE","Average score","0","units",,,5.3,,
ISL,"Iceland","SW_LIFS","Life satisfaction","L","Value","TOT","Total","AVSCORE","Average score","0","units",,,7.5,,
IRL,"Ireland","SW_LIFS","Life satisfaction","L","Value","TOT","Total","AVSCORE","Average score","0","units",,,6.8,,
ITA,"Italy","SW_LIFS","Life satisfaction","L","Value","TOT","Total","AVSCORE","Average score","0","units",,,5.8,,
JPN,"Japan","SW_LIFS","Life satisfaction","L","Value","TOT","Total","AVSCORE","Average score","0","units",,,5.9,,
KOR,"Korea","SW_LIFS","Life satisfaction","L","Value","TOT","Total","AVSCORE","Average score","0","units",,,5.8,,
LUX,"Luxembourg","SW_LIFS","Life satisfaction","L","Value","TOT","Total","AVSCORE","Average score","0","units",,,6.7,,
MEX,"Mexico","SW_LIFS","Life satisfaction","L","Value","TOT","Total","AVSCORE","Average score","0","units",,,6.2,,
NLD,"Netherlands","SW_LIFS","Life satisfaction","L","Value","TOT","Total","AVSCORE","Average score","0","units",,,7.3,,
NZL,"New Zealand","SW_LIFS","Life satisfaction","L","Value","TOT","Total","AVSCORE","Average score","0","units",,,7.4,,
NOR,"Norway","SW_LIFS","Life satisfaction","L","Value","TOT","Total","AVSCORE","Average score","0","units",,,7.6,,
POL,"Poland","SW_LIFS","Life satisfaction","L","Value","TOT","Total","AVSCORE","Average score","0","units",,,6,,
PRT,"Portugal","SW_LIFS","Life satisfaction","L","Value","TOT","Total","AVSCORE","Average score","0","units",,,5.1,,
SVK,"Slovak Republic","SW_LIFS","Life satisfaction","L","Value","TOT","Total","AVSCORE","Average score","0","units",,,6.2,,
ESP,"Spain","SW_LIFS","Life satisfaction","L","Value","TOT","Total","AVSCORE","Average score","0","units",,,6.4,,
SWE,"Sweden","SW_LIFS","Life satisfaction","L","Value","TOT","Total","AVSCORE","Average score","0","units",,,7.3,,
CHE,"Switzerland","SW_LIFS","Life satisfaction","L","Value","TOT","Total","AVSCORE","Average score","0","units",,,7.6,,
TUR,"Turkey","SW_LIFS","Life satisfaction","L","Value","TOT","Total","AVSCORE","Average score","0","units",,,5.5,,
GBR,"United Kingdom","SW_LIFS","Life satisfaction","L","Value","TOT","Total","AVSCORE","Average score","0","units",,,6.5,,
USA,"United States","SW_LIFS","Life satisfaction","L","Value","TOT","Total","AVSCORE","Average score","0","units",,,6.9,,
BRA,"Brazil","SW_LIFS","Life satisfaction","L","Value","TOT","Total","AVSCORE","Average score","0","units",,,6.5,,
CHL,"Chile","SW_LIFS","Life satisfaction","L","Value","TOT","Total","AVSCORE","Average score","0","units",,,6.5,,
EST,"Estonia","SW_LIFS","Life satisfaction","L","Value","TOT","Total","AVSCORE","Average score","0","units",,,5.6,,
ISR,"Israel","SW_LIFS","Life satisfaction","L","Value","TOT","Total","AVSCORE","Average score","0","units",,,7.1,,
RUS,"Russia","SW_LIFS","Life satisfaction","L","Value","TOT","Total","AVSCORE","Average score","0","units",,,6,,
SVN,"Slovenia","SW_LIFS","Life satisfaction","L","Value","TOT","Total","AVSCORE","Average score","0","units",,,5.7,,
OECD,"OECD - Total","SW_LIFS","Life satisfaction","L","Value","TOT","Total","AVSCORE","Average score","0","units",,,6.5,,
AUS,"Australia","WL_EWLH","Employees working very long hours","L","Value","TOT","Total","PC","Percentage","0","units",,,13.39,,
AUT,"Austria","WL_EWLH","Employees working very long hours","L","Value","TOT","Total","PC","Percentage","0","units",,,7.32,,
BEL,"Belgium","WL_EWLH","Employees working very long hours","L","Value","TOT","Total","PC","Percentage","0","units",,,4.73,,
CAN,"Canada","WL_EWLH","Employees working very long hours","L","Value","TOT","Total","PC","Percentage","0","units",,,3.83,,
CZE,"Czech Republic","WL_EWLH","Employees working very long hours","L","Value","TOT","Total","PC","Percentage","0","units",,,5.99,,
DNK,"Denmark","WL_EWLH","Employees working very long hours","L","Value","TOT","Total","PC","Percentage","0","units",,,2.21,,
FIN,"Finland","WL_EWLH","Employees working very long hours","L","Value","TOT","Total","PC","Percentage","0","units",,,3.6,,
FRA,"France","WL_EWLH","Employees working very long hours","L","Value","TOT","Total","PC","Percentage","0","units",,,7.77,,
DEU,"Germany","WL_EWLH","Employees working very long hours","L","Value","TOT","Total","PC","Percentage","0","units",,,4.96,,
GRC,"Greece","WL_EWLH","Employees working very long hours","L","Value","TOT","Total","PC","Percentage","0","units",,,6.37,,
HUN,"Hungary","WL_EWLH","Employees working very long hours","L","Value","TOT","Total","PC","Percentage","0","units",,,3.76,,
ISL,"Iceland","WL_EWLH","Employees working very long hours","L","Value","TOT","Total","PC","Percentage","0","units",,,13.79,"E","Estimated value"
IRL,"Ireland","WL_EWLH","Employees working very long hours","L","Value","TOT","Total","PC","Percentage","0","units",,,4.11,,
ITA,"Italy","WL_EWLH","Employees working very long hours","L","Value","TOT","Total","PC","Percentage","0","units",,,3.83,,
JPN,"Japan","WL_EWLH","Employees working very long hours","L","Value","TOT","Total","PC","Percentage","0","units",,,21.89,"E","Estimated value"
KOR,"Korea","WL_EWLH","Employees working very long hours","L","Value","TOT","Total","PC","Percentage","0","units",,,23.12,"E","Estimated value"
LUX,"Luxembourg","WL_EWLH","Employees working very long hours","L","Value","TOT","Total","PC","Percentage","0","units",,,3.27,,
MEX,"Mexico","WL_EWLH","Employees working very long hours","L","Value","TOT","Total","PC","Percentage","0","units",,,28.28,,
NLD,"Netherlands","WL_EWLH","Employees working very long hours","L","Value","TOT","Total","PC","Percentage","0","units",,,0.44,,
NZL,"New Zealand","WL_EWLH","Employees working very long hours","L","Value","TOT","Total","PC","Percentage","0","units",,,13.78,,
NOR,"Norway","WL_EWLH","Employees working very long hours","L","Value","TOT","Total","PC","Percentage","0","units",,,3.05,,
POL,"Poland","WL_EWLH","Employees working very long hours","L","Value","TOT","Total","PC","Percentage","0","units",,,7.25,,
PRT,"Portugal","WL_EWLH","Employees working very long hours","L","Value","TOT","Total","PC","Percentage","0","units",,,9.77,,
SVK,"Slovak Republic","WL_EWLH","Employees working very long hours","L","Value","TOT","Total","PC","Percentage","0","units",,,6.23,,
ESP,"Spain","WL_EWLH","Employees working very long hours","L","Value","TOT","Total","PC","Percentage","0","units",,,5.61,,
SWE,"Sweden","WL_EWLH","Employees working very long hours","L","Value","TOT","Total","PC","Percentage","0","units",,,1.1,,
CHE,"Switzerland","WL_EWLH","Employees working very long hours","L","Value","TOT","Total","PC","Percentage","0","units",,,6.34,"E","Estimated value"
TUR,"Turkey","WL_EWLH","Employees working very long hours","L","Value","TOT","Total","PC","Percentage","0","units",,,39.26,,
GBR,"United Kingdom","WL_EWLH","Employees working very long hours","L","Value","TOT","Total","PC","Percentage","0","units",,,12.83,,
USA,"United States","WL_EWLH","Employees working very long hours","L","Value","TOT","Total","PC","Percentage","0","units",,,11.69,,
BRA,"Brazil","WL_EWLH","Employees working very long hours","L","Value","TOT","Total","PC","Percentage","0","units",,,9.45,,
CHL,"Chile","WL_EWLH","Employees working very long hours","L","Value","TOT","Total","PC","Percentage","0","units",,,13.84,,
EST,"Estonia","WL_EWLH","Employees working very long hours","L","Value","TOT","Total","PC","Percentage","0","units",,,3.29,,
ISR,"Israel","WL_EWLH","Employees working very long hours","L","Value","TOT","Total","PC","Percentage","0","units",,,14.74,,
RUS,"Russia","WL_EWLH","Employees working very long hours","L","Value","TOT","Total","PC","Percentage","0","units",,,0.18,,
SVN,"Slovenia","WL_EWLH","Employees working very long hours","L","Value","TOT","Total","PC","Percentage","0","units",,,5.5,,
OECD,"OECD - Total","WL_EWLH","Employees working very long hours","L","Value","TOT","Total","PC","Percentage","0","units",,,13.02,,
AUS,"Australia","WL_TNOW","Time devoted to leisure and personal care","L","Value","TOT","Total","HOUR","Hours","0","units",,,14.35,,
AUT,"Austria","WL_TNOW","Time devoted to leisure and personal care","L","Value","TOT","Total","HOUR","Hours","0","units",,,14.55,,
BEL,"Belgium","WL_TNOW","Time devoted to leisure and personal care","L","Value","TOT","Total","HOUR","Hours","0","units",,,15.77,,
CAN,"Canada","WL_TNOW","Time devoted to leisure and personal care","L","Value","TOT","Total","HOUR","Hours","0","units",,,14.41,,
CZE,"Czech Republic","WL_TNOW","Time devoted to leisure and personal care","L","Value","TOT","Total","HOUR","Hours","0","units",,,15.03,"E","Estimated value"
DNK,"Denmark","WL_TNOW","Time devoted to leisure and personal care","L","Value","TOT","Total","HOUR","Hours","0","units",,,15.87,,
FIN,"Finland","WL_TNOW","Time devoted to leisure and personal care","L","Value","TOT","Total","HOUR","Hours","0","units",,,15.17,,
FRA,"France","WL_TNOW","Time devoted to leisure and personal care","L","Value","TOT","Total","HOUR","Hours","0","units",,,16.36,,
DEU,"Germany","WL_TNOW","Time devoted to leisure and personal care","L","Value","TOT","Total","HOUR","Hours","0","units",,,15.55,,
GRC,"Greece","WL_TNOW","Time devoted to leisure and personal care","L","Value","TOT","Total","HOUR","Hours","0","units",,,14.74,"E","Estimated value"
HUN,"Hungary","WL_TNOW","Time devoted to leisure and personal care","L","Value","TOT","Total","HOUR","Hours","0","units",,,15.04,"E","Estimated value"
ISL,"Iceland","WL_TNOW","Time devoted to leisure and personal care","L","Value","TOT","Total","HOUR","Hours","0","units",,,14.13,"E","Estimated value"
IRL,"Ireland","WL_TNOW","Time devoted to leisure and personal care","L","Value","TOT","Total","HOUR","Hours","0","units",,,15.3,"E","Estimated value"
ITA,"Italy","WL_TNOW","Time devoted to leisure and personal care","L","Value","TOT","Total","HOUR","Hours","0","units",,,14.89,,
JPN,"Japan","WL_TNOW","Time devoted to leisure and personal care","L","Value","TOT","Total","HOUR","Hours","0","units",,,14.85,,
KOR,"Korea","WL_TNOW","Time devoted to leisure and personal care","L","Value","TOT","Total","HOUR","Hours","0","units",,,14.7,,
LUX,"Luxembourg","WL_TNOW","Time devoted to leisure and personal care","L","Value","TOT","Total","HOUR","Hours","0","units",,,15.17,"E","Estimated value"
MEX,"Mexico","WL_TNOW","Time devoted to leisure and personal care","L","Value","TOT","Total","HOUR","Hours","0","units",,,12.8,"E","Estimated value"
NLD,"Netherlands","WL_TNOW","Time devoted to leisure and personal care","L","Value","TOT","Total","HOUR","Hours","0","units",,,15.9,"E","Estimated value"
NZL,"New Zealand","WL_TNOW","Time devoted to leisure and personal care","L","Value","TOT","Total","HOUR","Hours","0","units",,,14.87,,
NOR,"Norway","WL_TNOW","Time devoted to leisure and personal care","L","Value","TOT","Total","HOUR","Hours","0","units",,,15.56,,
POL,"Poland","WL_TNOW","Time devoted to leisure and personal care","L","Value","TOT","Total","HOUR","Hours","0","units",,,14.42,,
PRT,"Portugal","WL_TNOW","Time devoted to leisure and personal care","L","Value","TOT","Total","HOUR","Hours","0","units",,,14.72,"E","Estimated value"
SVK,"Slovak Republic","WL_TNOW","Time devoted to leisure and personal care","L","Value","TOT","Total","HOUR","Hours","0","units",,,14.92,"E","Estimated value"
ESP,"Spain","WL_TNOW","Time devoted to leisure and personal care","L","Value","TOT","Total","HOUR","Hours","0","units",,,15.93,,
SWE,"Sweden","WL_TNOW","Time devoted to leisure and personal care","L","Value","TOT","Total","HOUR","Hours","0","units",,,15.18,,
CHE,"Switzerland","WL_TNOW","Time devoted to leisure and personal care","L","Value","TOT","Total","HOUR","Hours","0","units",,,15.01,"E","Estimated value"
TUR,"Turkey","WL_TNOW","Time devoted to leisure and personal care","L","Value","TOT","Total","HOUR","Hours","0","units",,,12.24,"E","Estimated value"
GBR,"United Kingdom","WL_TNOW","Time devoted to leisure and personal care","L","Value","TOT","Total","HOUR","Hours","0","units",,,14.87,,
USA,"United States","WL_TNOW","Time devoted to leisure and personal care","L","Value","TOT","Total","HOUR","Hours","0","units",,,14.47,,
BRA,"Brazil","WL_TNOW","Time devoted to leisure and personal care","L","Value","TOT","Total","HOUR","Hours","0","units",,,14.27,"E","Estimated value"
CHL,"Chile","WL_TNOW","Time devoted to leisure and personal care","L","Value","TOT","Total","HOUR","Hours","0","units",,,14.91,"E","Estimated value"
EST,"Estonia","WL_TNOW","Time devoted to leisure and personal care","L","Value","TOT","Total","HOUR","Hours","0","units",,,14.9,,
ISR,"Israel","WL_TNOW","Time devoted to leisure and personal care","L","Value","TOT","Total","HOUR","Hours","0","units",,,13.94,"E","Estimated value"
RUS,"Russia","WL_TNOW","Time devoted to leisure and personal care","L","Value","TOT","Total","HOUR","Hours","0","units",,,14.91,"E","Estimated value"
SVN,"Slovenia","WL_TNOW","Time devoted to leisure and personal care","L","Value","TOT","Total","HOUR","Hours","0","units",,,14.75,,
OECD,"OECD - Total","WL_TNOW","Time devoted to leisure and personal care","L","Value","TOT","Total","HOUR","Hours","0","units",,,14.91,,
LVA,"Latvia","HO_BASE","Dwellings without basic facilities","L","Value","TOT","Total","PC","Percentage","0","units",,,14.7,,
ZAF,"South Africa","HO_BASE","Dwellings without basic facilities","L","Value","TOT","Total","PC","Percentage","0","units",,,20.5,,
LVA,"Latvia","HO_HISH","Housing expenditure","L","Value","TOT","Total","PC","Percentage","0","units",,,26,,
ZAF,"South Africa","HO_HISH","Housing expenditure","L","Value","TOT","Total","PC","Percentage","0","units",,,18,,
LVA,"Latvia","HO_NUMR","Rooms per person","L","Value","TOT","Total","RATIO","Ratio","0","units",,,1.2,,
ZAF,"South Africa","HO_NUMR","Rooms per person","L","Value","TOT","Total","RATIO","Ratio","0","units",,,0.7,"E","Estimated value"
LVA,"Latvia","IW_HADI","Household net adjusted disposable income","L","Value","TOT","Total","USD","US Dollar","0","units",,,13655,,
ZAF,"South Africa","IW_HADI","Household net adjusted disposable income","L","Value","TOT","Total","USD","US Dollar","0","units",,,8712,,
LVA,"Latvia","IW_HNFW","Household net financial wealth","L","Value","TOT","Total","USD","US Dollar","0","units",,,9837,,
ZAF,"South Africa","IW_HNFW","Household net financial wealth","L","Value","TOT","Total","USD","US Dollar","0","units",,,16937,,
LVA,"Latvia","JE_EMPL","Employment rate","L","Value","TOT","Total","PC","Percentage","0","units",,,66,,
ZAF,"South Africa","JE_EMPL","Employment rate","L","Value","TOT","Total","PC","Percentage","0","units",,,43,,
LVA,"Latvia","JE_LTUR","Long-term unemployment rate","L","Value","TOT","Total","PC","Percentage","0","units",,,4.67,,
ZAF,"South Africa","JE_LTUR","Long-term unemployment rate","L","Value","TOT","Total","PC","Percentage","0","units",,,14.37,,
LVA,"Latvia","JE_PEARN","Personal earnings","L","Value","TOT","Total","USD","US Dollar","0","units",,,22270,"E","Estimated value"
ZAF,"South Africa","JE_PEARN","Personal earnings","L","Value","TOT","Total","USD","US Dollar","0","units",,,5429,"E","Estimated value"
LVA,"Latvia","ES_EDUA","Educational attainment","L","Value","TOT","Total","PC","Percentage","0","units",,,90,,
ZAF,"South Africa","ES_EDUA","Educational attainment","L","Value","TOT","Total","PC","Percentage","0","units",,,65,,
LVA,"Latvia","ES_STCS","Student skills","L","Value","TOT","Total","AVSCORE","Average score","0","units",,,494,,
ZAF,"South Africa","ES_STCS","Student skills","L","Value","TOT","Total","AVSCORE","Average score","0","units",,,384,"E","Estimated value"
LVA,"Latvia","ES_EDUEX","Years in education","L","Value","TOT","Total","YR","Years","0","units",,,17.8,"E","Estimated value"
ZAF,"South Africa","ES_EDUEX","Years in education","L","Value","TOT","Total","YR","Years","0","units",,,15.4,"E","Estimated value"
LVA,"Latvia","EQ_AIRP","Air pollution","L","Value","TOT","Total","MICRO_M3","Micrograms per cubic metre","0","units",,,12,,
ZAF,"South Africa","EQ_AIRP","Air pollution","L","Value","TOT","Total","MICRO_M3","Micrograms per cubic metre","0","units",,,14,,
LVA,"Latvia","EQ_WATER","Water quality","L","Value","TOT","Total","PC","Percentage","0","units",,,76,,
ZAF,"South Africa","EQ_WATER","Water quality","L","Value","TOT","Total","PC","Percentage","0","units",,,69,,
LVA,"Latvia","CG_VOTO","Voter turnout","L","Value","TOT","Total","PC","Percentage","0","units",,,59,,
ZAF,"South Africa","CG_VOTO","Voter turnout","L","Value","TOT","Total","PC","Percentage","0","units",,,73,,
LVA,"Latvia","HS_LEB","Life expectancy","L","Value","TOT","Total","YR","Years","0","units",,,74.1,,
ZAF,"South Africa","HS_LEB","Life expectancy","L","Value","TOT","Total","YR","Years","0","units",,,56.8,,
LVA,"Latvia","HS_SFRH","Self-reported health","L","Value","TOT","Total","PC","Percentage","0","units",,,50,"E","Estimated value"
ZAF,"South Africa","HS_SFRH","Self-reported health","L","Value","TOT","Total","PC","Percentage","0","units",,,67,"E","Estimated value"
LVA,"Latvia","SW_LIFS","Life satisfaction","L","Value","TOT","Total","AVSCORE","Average score","0","units",,,5.9,,
ZAF,"South Africa","SW_LIFS","Life satisfaction","L","Value","TOT","Total","AVSCORE","Average score","0","units",,,4.9,,
LVA,"Latvia","WL_EWLH","Employees working very long hours","L","Value","TOT","Total","PC","Percentage","0","units",,,2.45,,
ZAF,"South Africa","WL_EWLH","Employees working very long hours","L","Value","TOT","Total","PC","Percentage","0","units",,,18.07,,
LVA,"Latvia","WL_TNOW","Time devoted to leisure and personal care","L","Value","TOT","Total","HOUR","Hours","0","units",,,13.83,,
ZAF,"South Africa","WL_TNOW","Time devoted to leisure and personal care","L","Value","TOT","Total","HOUR","Hours","0","units",,,14.73,,
AUS,"Australia","JE_LMIS","Labour market insecurity","L","Value","TOT","Total","PC","Percentage","0","units",,,3.9,,
AUT,"Austria","JE_LMIS","Labour market insecurity","L","Value","TOT","Total","PC","Percentage","0","units",,,2.2,,
BEL,"Belgium","JE_LMIS","Labour market insecurity","L","Value","TOT","Total","PC","Percentage","0","units",,,3.6,,
CAN,"Canada","JE_LMIS","Labour market insecurity","L","Value","TOT","Total","PC","Percentage","0","units",,,3.9,,
CZE,"Czech Republic","JE_LMIS","Labour market insecurity","L","Value","TOT","Total","PC","Percentage","0","units",,,4.7,,
DNK,"Denmark","JE_LMIS","Labour market insecurity","L","Value","TOT","Total","PC","Percentage","0","units",,,2.3,,
FIN,"Finland","JE_LMIS","Labour market insecurity","L","Value","TOT","Total","PC","Percentage","0","units",,,2.6,,
FRA,"France","JE_LMIS","Labour market insecurity","L","Value","TOT","Total","PC","Percentage","0","units",,,4.6,,
DEU,"Germany","JE_LMIS","Labour market insecurity","L","Value","TOT","Total","PC","Percentage","0","units",,,2.7,,
GRC,"Greece","JE_LMIS","Labour market insecurity","L","Value","TOT","Total","PC","Percentage","0","units",,,32,,
HUN,"Hungary","JE_LMIS","Labour market insecurity","L","Value","TOT","Total","PC","Percentage","0","units",,,7.8,,
ISL,"Iceland","JE_LMIS","Labour market insecurity","L","Value","TOT","Total","PC","Percentage","0","units",,,0.7,,
IRL,"Ireland","JE_LMIS","Labour market insecurity","L","Value","TOT","Total","PC","Percentage","0","units",,,5,,
ITA,"Italy","JE_LMIS","Labour market insecurity","L","Value","TOT","Total","PC","Percentage","0","units",,,11.8,,
JPN,"Japan","JE_LMIS","Labour market insecurity","L","Value","TOT","Total","PC","Percentage","0","units",,,2.4,,
KOR,"Korea","JE_LMIS","Labour market insecurity","L","Value","TOT","Total","PC","Percentage","0","units",,,2.1,,
LUX,"Luxembourg","JE_LMIS","Labour market insecurity","L","Value","TOT","Total","PC","Percentage","0","units",,,2.1,,
MEX,"Mexico","JE_LMIS","Labour market insecurity","L","Value","TOT","Total","PC","Percentage","0","units",,,5.2,,
NLD,"Netherlands","JE_LMIS","Labour market insecurity","L","Value","TOT","Total","PC","Percentage","0","units",,,3.1,,
NZL,"New Zealand","JE_LMIS","Labour market insecurity","L","Value","TOT","Total","PC","Percentage","0","units",,,4.9,,
NOR,"Norway","JE_LMIS","Labour market insecurity","L","Value","TOT","Total","PC","Percentage","0","units",,,1.5,,
POL,"Poland","JE_LMIS","Labour market insecurity","L","Value","TOT","Total","PC","Percentage","0","units",,,8.9,,
PRT,"Portugal","JE_LMIS","Labour market insecurity","L","Value","TOT","Total","PC","Percentage","0","units",,,11.7,,
SVK,"Slovak Republic","JE_LMIS","Labour market insecurity","L","Value","TOT","Total","PC","Percentage","0","units",,,10.7,,
ESP,"Spain","JE_LMIS","Labour market insecurity","L","Value","TOT","Total","PC","Percentage","0","units",,,26.6,,
SWE,"Sweden","JE_LMIS","Labour market insecurity","L","Value","TOT","Total","PC","Percentage","0","units",,,5.2,,
CHE,"Switzerland","JE_LMIS","Labour market insecurity","L","Value","TOT","Total","PC","Percentage","0","units",,,1.7,,
TUR,"Turkey","JE_LMIS","Labour market insecurity","L","Value","TOT","Total","PC","Percentage","0","units",,,9.1,,
GBR,"United Kingdom","JE_LMIS","Labour market insecurity","L","Value","TOT","Total","PC","Percentage","0","units",,,5.7,,
USA,"United States","JE_LMIS","Labour market insecurity","L","Value","TOT","Total","PC","Percentage","0","units",,,5.2,,
BRA,"Brazil","JE_LMIS","Labour market insecurity","L","Value","TOT","Total","PC","Percentage","0","units",,,6.6,,
CHL,"Chile","JE_LMIS","Labour market insecurity","L","Value","TOT","Total","PC","Percentage","0","units",,,8.1,,
EST,"Estonia","JE_LMIS","Labour market insecurity","L","Value","TOT","Total","PC","Percentage","0","units",,,7.6,,
ISR,"Israel","JE_LMIS","Labour market insecurity","L","Value","TOT","Total","PC","Percentage","0","units",,,3.9,,
LVA,"Latvia","JE_LMIS","Labour market insecurity","L","Value","TOT","Total","PC","Percentage","0","units",,,8,"E","Estimated value"
RUS,"Russia","JE_LMIS","Labour market insecurity","L","Value","TOT","Total","PC","Percentage","0","units",,,5.1,,
SVN,"Slovenia","JE_LMIS","Labour market insecurity","L","Value","TOT","Total","PC","Percentage","0","units",,,5.2,,
ZAF,"South Africa","JE_LMIS","Labour market insecurity","L","Value","TOT","Total","PC","Percentage","0","units",,,22.6,,
OECD,"OECD - Total","JE_LMIS","Labour market insecurity","L","Value","TOT","Total","PC","Percentage","0","units",,,6.3,,
AUS,"Australia","CG_SENG","Stakeholder engagement for developing regulations","L","Value","TOT","Total","AVSCORE","Average score","0","units",,,2.7,,
AUT,"Austria","CG_SENG","Stakeholder engagement for developing regulations","L","Value","TOT","Total","AVSCORE","Average score","0","units",,,1.3,,
BEL,"Belgium","CG_SENG","Stakeholder engagement for developing regulations","L","Value","TOT","Total","AVSCORE","Average score","0","units",,,2.2,,
CAN,"Canada","CG_SENG","Stakeholder engagement for developing regulations","L","Value","TOT","Total","AVSCORE","Average score","0","units",,,3,,
CZE,"Czech Republic","CG_SENG","Stakeholder engagement for developing regulations","L","Value","TOT","Total","AVSCORE","Average score","0","units",,,2.6,,
DNK,"Denmark","CG_SENG","Stakeholder engagement for developing regulations","L","Value","TOT","Total","AVSCORE","Average score","0","units",,,2.1,,
FIN,"Finland","CG_SENG","Stakeholder engagement for developing regulations","L","Value","TOT","Total","AVSCORE","Average score","0","units",,,2.3,,
FRA,"France","CG_SENG","Stakeholder engagement for developing regulations","L","Value","TOT","Total","AVSCORE","Average score","0","units",,,2.1,,
DEU,"Germany","CG_SENG","Stakeholder engagement for developing regulations","L","Value","TOT","Total","AVSCORE","Average score","0","units",,,2.1,,
GRC,"Greece","CG_SENG","Stakeholder engagement for developing regulations","L","Value","TOT","Total","AVSCORE","Average score","0","units",,,1.9,,
HUN,"Hungary","CG_SENG","Stakeholder engagement for developing regulations","L","Value","TOT","Total","AVSCORE","Average score","0","units",,,1.2,,
ISL,"Iceland","CG_SENG","Stakeholder engagement for developing regulations","L","Value","TOT","Total","AVSCORE","Average score","0","units",,,1.6,,
IRL,"Ireland","CG_SENG","Stakeholder engagement for developing regulations","L","Value","TOT","Total","AVSCORE","Average score","0","units",,,0.8,,
ITA,"Italy","CG_SENG","Stakeholder engagement for developing regulations","L","Value","TOT","Total","AVSCORE","Average score","0","units",,,1.5,,
JPN,"Japan","CG_SENG","Stakeholder engagement for developing regulations","L","Value","TOT","Total","AVSCORE","Average score","0","units",,,1.3,,
KOR,"Korea","CG_SENG","Stakeholder engagement for developing regulations","L","Value","TOT","Total","AVSCORE","Average score","0","units",,,2.4,,
LUX,"Luxembourg","CG_SENG","Stakeholder engagement for developing regulations","L","Value","TOT","Total","AVSCORE","Average score","0","units",,,1.5,,
MEX,"Mexico","CG_SENG","Stakeholder engagement for developing regulations","L","Value","TOT","Total","AVSCORE","Average score","0","units",,,3.5,,
NLD,"Netherlands","CG_SENG","Stakeholder engagement for developing regulations","L","Value","TOT","Total","AVSCORE","Average score","0","units",,,1.3,,
NZL,"New Zealand","CG_SENG","Stakeholder engagement for developing regulations","L","Value","TOT","Total","AVSCORE","Average score","0","units",,,2.5,,
NOR,"Norway","CG_SENG","Stakeholder engagement for developing regulations","L","Value","TOT","Total","AVSCORE","Average score","0","units",,,1.9,,
POL,"Poland","CG_SENG","Stakeholder engagement for developing regulations","L","Value","TOT","Total","AVSCORE","Average score","0","units",,,2.6,,
PRT,"Portugal","CG_SENG","Stakeholder engagement for developing regulations","L","Value","TOT","Total","AVSCORE","Average score","0","units",,,1.2,,
SVK,"Slovak Republic","CG_SENG","Stakeholder engagement for developing regulations","L","Value","TOT","Total","AVSCORE","Average score","0","units",,,2.9,,
ESP,"Spain","CG_SENG","Stakeholder engagement for developing regulations","L","Value","TOT","Total","AVSCORE","Average score","0","units",,,1.6,,
SWE,"Sweden","CG_SENG","Stakeholder engagement for developing regulations","L","Value","TOT","Total","AVSCORE","Average score","0","units",,,2,,
CHE,"Switzerland","CG_SENG","Stakeholder engagement for developing regulations","L","Value","TOT","Total","AVSCORE","Average score","0","units",,,2.6,,
TUR,"Turkey","CG_SENG","Stakeholder engagement for developing regulations","L","Value","TOT","Total","AVSCORE","Average score","0","units",,,2.1,,
GBR,"United Kingdom","CG_SENG","Stakeholder engagement for developing regulations","L","Value","TOT","Total","AVSCORE","Average score","0","units",,,2.9,,
USA,"United States","CG_SENG","Stakeholder engagement for developing regulations","L","Value","TOT","Total","AVSCORE","Average score","0","units",,,3.2,,
BRA,"Brazil","CG_SENG","Stakeholder engagement for developing regulations","L","Value","TOT","Total","AVSCORE","Average score","0","units",,,1.3,"E","Estimated value"
CHL,"Chile","CG_SENG","Stakeholder engagement for developing regulations","L","Value","TOT","Total","AVSCORE","Average score","0","units",,,1.5,,
EST,"Estonia","CG_SENG","Stakeholder engagement for developing regulations","L","Value","TOT","Total","AVSCORE","Average score","0","units",,,2.8,,
ISR,"Israel","CG_SENG","Stakeholder engagement for developing regulations","L","Value","TOT","Total","AVSCORE","Average score","0","units",,,0.9,,
LVA,"Latvia","CG_SENG","Stakeholder engagement for developing regulations","L","Value","TOT","Total","AVSCORE","Average score","0","units",,,2.4,"E","Estimated value"
RUS,"Russia","CG_SENG","Stakeholder engagement for developing regulations","L","Value","TOT","Total","AVSCORE","Average score","0","units",,,0.8,"E","Estimated value"
SVN,"Slovenia","CG_SENG","Stakeholder engagement for developing regulations","L","Value","TOT","Total","AVSCORE","Average score","0","units",,,2.8,,
ZAF,"South Africa","CG_SENG","Stakeholder engagement for developing regulations","L","Value","TOT","Total","AVSCORE","Average score","0","units",,,1.6,"E","Estimated value"
